[{"pid":0,"ph":"i","name":"Memory sample","ts":1523450751619000,"args":{"JVM stats":"heap_memory_usage: 493435336\nnon_heap_memory_usage: 154252504\nloaded_class_count: 16324\nthread_count: 27\ngarbage_collection_stats {\n  name: \"PS Scavenge\"\n  gc_collections: 0\n  gc_time: 0\n}\ngarbage_collection_stats {\n  name: \"PS MarkSweep\"\n  gc_collections: 0\n  gc_time: 0\n}\n"}},{"pid":0,"ph":"i","name":"Memory sample","ts":1523450751688000,"args":{"JVM stats":"heap_memory_usage: 504919296\nnon_heap_memory_usage: 154191504\nloaded_class_count: 16340\nthread_count: 36\ngarbage_collection_stats {\n  name: \"PS Scavenge\"\n  gc_collections: 0\n  gc_time: 0\n}\ngarbage_collection_stats {\n  name: \"PS MarkSweep\"\n  gc_collections: 0\n  gc_time: 0\n}\n"}},{"pid":0,"ph":"i","name":"Memory sample","ts":1523450751688001,"args":{"JVM stats":"heap_memory_usage: 504919296\nnon_heap_memory_usage: 154194504\nloaded_class_count: 16340\nthread_count: 36\ngarbage_collection_stats {\n  name: \"PS Scavenge\"\n  gc_collections: 0\n  gc_time: 0\n}\ngarbage_collection_stats {\n  name: \"PS MarkSweep\"\n  gc_collections: 0\n  gc_time: 0\n}\n"}},{"pid":0,"ph":"i","name":"Memory sample","ts":1523450751726000,"args":{"JVM stats":"heap_memory_usage: 511932776\nnon_heap_memory_usage: 154125208\nloaded_class_count: 16340\nthread_count: 36\ngarbage_collection_stats {\n  name: \"PS Scavenge\"\n  gc_collections: 0\n  gc_time: 0\n}\ngarbage_collection_stats {\n  name: \"PS MarkSweep\"\n  gc_collections: 0\n  gc_time: 0\n}\n"}},{"pid":0,"ph":"i","name":"Memory sample","ts":1523450751731000,"args":{"JVM stats":"heap_memory_usage: 512431312\nnon_heap_memory_usage: 154114752\nloaded_class_count: 16343\nthread_count: 36\ngarbage_collection_stats {\n  name: \"PS Scavenge\"\n  gc_collections: 0\n  gc_time: 0\n}\ngarbage_collection_stats {\n  name: \"PS MarkSweep\"\n  gc_collections: 0\n  gc_time: 0\n}\n"}},{"pid":0,"ph":"i","name":"Memory sample","ts":1523450751738000,"args":{"JVM stats":"heap_memory_usage: 512929824\nnon_heap_memory_usage: 154163920\nloaded_class_count: 16354\nthread_count: 36\ngarbage_collection_stats {\n  name: \"PS Scavenge\"\n  gc_collections: 0\n  gc_time: 0\n}\ngarbage_collection_stats {\n  name: \"PS MarkSweep\"\n  gc_collections: 0\n  gc_time: 0\n}\n"}},{"pid":0,"ph":"i","name":"Memory sample","ts":1523450751739000,"args":{"JVM stats":"heap_memory_usage: 512929824\nnon_heap_memory_usage: 154166288\nloaded_class_count: 16354\nthread_count: 36\ngarbage_collection_stats {\n  name: \"PS Scavenge\"\n  gc_collections: 0\n  gc_time: 0\n}\ngarbage_collection_stats {\n  name: \"PS MarkSweep\"\n  gc_collections: 0\n  gc_time: 0\n}\n"}},{"pid":0,"ph":"i","name":"Memory sample","ts":1523450751742000,"args":{"JVM stats":"heap_memory_usage: 513179152\nnon_heap_memory_usage: 154204136\nloaded_class_count: 16363\nthread_count: 36\ngarbage_collection_stats {\n  name: \"PS Scavenge\"\n  gc_collections: 0\n  gc_time: 0\n}\ngarbage_collection_stats {\n  name: \"PS MarkSweep\"\n  gc_collections: 0\n  gc_time: 0\n}\n"}},{"pid":0,"ph":"i","name":"Memory sample","ts":1523450751743000,"args":{"JVM stats":"heap_memory_usage: 513179152\nnon_heap_memory_usage: 154207400\nloaded_class_count: 16363\nthread_count: 36\ngarbage_collection_stats {\n  name: \"PS Scavenge\"\n  gc_collections: 0\n  gc_time: 0\n}\ngarbage_collection_stats {\n  name: \"PS MarkSweep\"\n  gc_collections: 0\n  gc_time: 0\n}\n"}},{"pid":0,"ph":"i","name":"Memory sample","ts":1523450751745000,"args":{"JVM stats":"heap_memory_usage: 513179152\nnon_heap_memory_usage: 154216608\nloaded_class_count: 16364\nthread_count: 36\ngarbage_collection_stats {\n  name: \"PS Scavenge\"\n  gc_collections: 0\n  gc_time: 0\n}\ngarbage_collection_stats {\n  name: \"PS MarkSweep\"\n  gc_collections: 0\n  gc_time: 0\n}\n"}},{"pid":0,"ph":"i","name":"Memory sample","ts":1523450751745001,"args":{"JVM stats":"heap_memory_usage: 513179152\nnon_heap_memory_usage: 154217872\nloaded_class_count: 16364\nthread_count: 36\ngarbage_collection_stats {\n  name: \"PS Scavenge\"\n  gc_collections: 0\n  gc_time: 0\n}\ngarbage_collection_stats {\n  name: \"PS MarkSweep\"\n  gc_collections: 0\n  gc_time: 0\n}\n"}},{"pid":0,"ph":"i","name":"Memory sample","ts":1523450751782000,"args":{"JVM stats":"heap_memory_usage: 517667528\nnon_heap_memory_usage: 154285072\nloaded_class_count: 16374\nthread_count: 36\ngarbage_collection_stats {\n  name: \"PS Scavenge\"\n  gc_collections: 0\n  gc_time: 0\n}\ngarbage_collection_stats {\n  name: \"PS MarkSweep\"\n  gc_collections: 0\n  gc_time: 0\n}\n"}},{"pid":0,"ph":"i","name":"Memory sample","ts":1523450751784000,"args":{"JVM stats":"heap_memory_usage: 517667528\nnon_heap_memory_usage: 154292816\nloaded_class_count: 16374\nthread_count: 36\ngarbage_collection_stats {\n  name: \"PS Scavenge\"\n  gc_collections: 0\n  gc_time: 0\n}\ngarbage_collection_stats {\n  name: \"PS MarkSweep\"\n  gc_collections: 0\n  gc_time: 0\n}\n"}},{"pid":0,"ph":"i","name":"Memory sample","ts":1523450751788000,"args":{"JVM stats":"heap_memory_usage: 517916816\nnon_heap_memory_usage: 154294384\nloaded_class_count: 16374\nthread_count: 36\ngarbage_collection_stats {\n  name: \"PS Scavenge\"\n  gc_collections: 0\n  gc_time: 0\n}\ngarbage_collection_stats {\n  name: \"PS MarkSweep\"\n  gc_collections: 0\n  gc_time: 0\n}\n"}},{"pid":0,"ph":"i","name":"Memory sample","ts":1523450751789000,"args":{"JVM stats":"heap_memory_usage: 518166072\nnon_heap_memory_usage: 154316976\nloaded_class_count: 16381\nthread_count: 36\ngarbage_collection_stats {\n  name: \"PS Scavenge\"\n  gc_collections: 0\n  gc_time: 0\n}\ngarbage_collection_stats {\n  name: \"PS MarkSweep\"\n  gc_collections: 0\n  gc_time: 0\n}\n"}},{"pid":0,"ph":"i","name":"Memory sample","ts":1523450751800000,"args":{"JVM stats":"heap_memory_usage: 519911448\nnon_heap_memory_usage: 154402568\nloaded_class_count: 16407\nthread_count: 36\ngarbage_collection_stats {\n  name: \"PS Scavenge\"\n  gc_collections: 0\n  gc_time: 0\n}\ngarbage_collection_stats {\n  name: \"PS MarkSweep\"\n  gc_collections: 0\n  gc_time: 0\n}\n"}},{"pid":0,"ph":"i","name":"Memory sample","ts":1523450751800001,"args":{"JVM stats":"heap_memory_usage: 519911448\nnon_heap_memory_usage: 154404224\nloaded_class_count: 16407\nthread_count: 36\ngarbage_collection_stats {\n  name: \"PS Scavenge\"\n  gc_collections: 0\n  gc_time: 0\n}\ngarbage_collection_stats {\n  name: \"PS MarkSweep\"\n  gc_collections: 0\n  gc_time: 0\n}\n"}},{"pid":0,"ph":"i","name":"Memory sample","ts":1523450751805000,"args":{"JVM stats":"heap_memory_usage: 520160728\nnon_heap_memory_usage: 154408496\nloaded_class_count: 16407\nthread_count: 36\ngarbage_collection_stats {\n  name: \"PS Scavenge\"\n  gc_collections: 0\n  gc_time: 0\n}\ngarbage_collection_stats {\n  name: \"PS MarkSweep\"\n  gc_collections: 0\n  gc_time: 0\n}\n"}},{"pid":0,"ph":"i","name":"Memory sample","ts":1523450751813000,"args":{"JVM stats":"heap_memory_usage: 520908568\nnon_heap_memory_usage: 154428736\nloaded_class_count: 16411\nthread_count: 36\ngarbage_collection_stats {\n  name: \"PS Scavenge\"\n  gc_collections: 0\n  gc_time: 0\n}\ngarbage_collection_stats {\n  name: \"PS MarkSweep\"\n  gc_collections: 0\n  gc_time: 0\n}\n"}},{"pid":0,"ph":"i","name":"Memory sample","ts":1523450751815000,"args":{"JVM stats":"heap_memory_usage: 520908568\nnon_heap_memory_usage: 154438912\nloaded_class_count: 16411\nthread_count: 36\ngarbage_collection_stats {\n  name: \"PS Scavenge\"\n  gc_collections: 0\n  gc_time: 0\n}\ngarbage_collection_stats {\n  name: \"PS MarkSweep\"\n  gc_collections: 0\n  gc_time: 0\n}\n"}},{"pid":0,"ph":"i","name":"Memory sample","ts":1523450751817000,"args":{"JVM stats":"heap_memory_usage: 521157824\nnon_heap_memory_usage: 154441272\nloaded_class_count: 16412\nthread_count: 36\ngarbage_collection_stats {\n  name: \"PS Scavenge\"\n  gc_collections: 0\n  gc_time: 0\n}\ngarbage_collection_stats {\n  name: \"PS MarkSweep\"\n  gc_collections: 0\n  gc_time: 0\n}\n"}},{"pid":0,"ph":"i","name":"Memory sample","ts":1523450751818000,"args":{"JVM stats":"heap_memory_usage: 521157824\nnon_heap_memory_usage: 154441272\nloaded_class_count: 16412\nthread_count: 36\ngarbage_collection_stats {\n  name: \"PS Scavenge\"\n  gc_collections: 0\n  gc_time: 0\n}\ngarbage_collection_stats {\n  name: \"PS MarkSweep\"\n  gc_collections: 0\n  gc_time: 0\n}\n"}},{"pid":0,"ph":"i","name":"Memory sample","ts":1523450751821000,"args":{"JVM stats":"heap_memory_usage: 521157824\nnon_heap_memory_usage: 154441976\nloaded_class_count: 16412\nthread_count: 36\ngarbage_collection_stats {\n  name: \"PS Scavenge\"\n  gc_collections: 0\n  gc_time: 0\n}\ngarbage_collection_stats {\n  name: \"PS MarkSweep\"\n  gc_collections: 0\n  gc_time: 0\n}\n"}},{"pid":0,"ph":"i","name":"Memory sample","ts":1523450751824000,"args":{"JVM stats":"heap_memory_usage: 521417352\nnon_heap_memory_usage: 154442680\nloaded_class_count: 16412\nthread_count: 36\ngarbage_collection_stats {\n  name: \"PS Scavenge\"\n  gc_collections: 0\n  gc_time: 0\n}\ngarbage_collection_stats {\n  name: \"PS MarkSweep\"\n  gc_collections: 0\n  gc_time: 0\n}\n"}},{"pid":0,"ph":"i","name":"Memory sample","ts":1523450751828000,"args":{"JVM stats":"heap_memory_usage: 521666672\nnon_heap_memory_usage: 154442680\nloaded_class_count: 16412\nthread_count: 36\ngarbage_collection_stats {\n  name: \"PS Scavenge\"\n  gc_collections: 0\n  gc_time: 0\n}\ngarbage_collection_stats {\n  name: \"PS MarkSweep\"\n  gc_collections: 0\n  gc_time: 0\n}\n"}},{"pid":0,"ph":"i","name":"Memory sample","ts":1523450751830000,"args":{"JVM stats":"heap_memory_usage: 521915960\nnon_heap_memory_usage: 154448056\nloaded_class_count: 16412\nthread_count: 36\ngarbage_collection_stats {\n  name: \"PS Scavenge\"\n  gc_collections: 0\n  gc_time: 0\n}\ngarbage_collection_stats {\n  name: \"PS MarkSweep\"\n  gc_collections: 0\n  gc_time: 0\n}\n"}},{"pid":0,"ph":"i","name":"Memory sample","ts":1523450751838000,"args":{"JVM stats":"heap_memory_usage: 522414512\nnon_heap_memory_usage: 154448352\nloaded_class_count: 16412\nthread_count: 36\ngarbage_collection_stats {\n  name: \"PS Scavenge\"\n  gc_collections: 0\n  gc_time: 0\n}\ngarbage_collection_stats {\n  name: \"PS MarkSweep\"\n  gc_collections: 0\n  gc_time: 0\n}\n"}},{"pid":0,"ph":"i","name":"Memory sample","ts":1523450751842000,"args":{"JVM stats":"heap_memory_usage: 523661856\nnon_heap_memory_usage: 154450432\nloaded_class_count: 16412\nthread_count: 36\ngarbage_collection_stats {\n  name: \"PS Scavenge\"\n  gc_collections: 0\n  gc_time: 0\n}\ngarbage_collection_stats {\n  name: \"PS MarkSweep\"\n  gc_collections: 0\n  gc_time: 0\n}\n"}},{"pid":0,"ph":"i","name":"Memory sample","ts":1523450751843000,"args":{"JVM stats":"heap_memory_usage: 523661856\nnon_heap_memory_usage: 154464200\nloaded_class_count: 16412\nthread_count: 36\ngarbage_collection_stats {\n  name: \"PS Scavenge\"\n  gc_collections: 0\n  gc_time: 0\n}\ngarbage_collection_stats {\n  name: \"PS MarkSweep\"\n  gc_collections: 0\n  gc_time: 0\n}\n"}},{"pid":0,"ph":"i","name":"Memory sample","ts":1523450751845000,"args":{"JVM stats":"heap_memory_usage: 523911112\nnon_heap_memory_usage: 154470744\nloaded_class_count: 16412\nthread_count: 36\ngarbage_collection_stats {\n  name: \"PS Scavenge\"\n  gc_collections: 0\n  gc_time: 0\n}\ngarbage_collection_stats {\n  name: \"PS MarkSweep\"\n  gc_collections: 0\n  gc_time: 0\n}\n"}},{"pid":0,"ph":"i","name":"Memory sample","ts":1523450751853000,"args":{"JVM stats":"heap_memory_usage: 524908576\nnon_heap_memory_usage: 154470744\nloaded_class_count: 16412\nthread_count: 36\ngarbage_collection_stats {\n  name: \"PS Scavenge\"\n  gc_collections: 0\n  gc_time: 0\n}\ngarbage_collection_stats {\n  name: \"PS MarkSweep\"\n  gc_collections: 0\n  gc_time: 0\n}\n"}},{"pid":0,"ph":"i","name":"Memory sample","ts":1523450751853001,"args":{"JVM stats":"heap_memory_usage: 524908576\nnon_heap_memory_usage: 154470744\nloaded_class_count: 16412\nthread_count: 36\ngarbage_collection_stats {\n  name: \"PS Scavenge\"\n  gc_collections: 0\n  gc_time: 0\n}\ngarbage_collection_stats {\n  name: \"PS MarkSweep\"\n  gc_collections: 0\n  gc_time: 0\n}\n"}},{"pid":0,"ph":"i","name":"Memory sample","ts":1523450751861000,"args":{"JVM stats":"heap_memory_usage: 525656528\nnon_heap_memory_usage: 154495752\nloaded_class_count: 16412\nthread_count: 36\ngarbage_collection_stats {\n  name: \"PS Scavenge\"\n  gc_collections: 0\n  gc_time: 0\n}\ngarbage_collection_stats {\n  name: \"PS MarkSweep\"\n  gc_collections: 0\n  gc_time: 0\n}\n"}},{"pid":0,"ph":"i","name":"Memory sample","ts":1523450751862000,"args":{"JVM stats":"heap_memory_usage: 525656528\nnon_heap_memory_usage: 154495752\nloaded_class_count: 16412\nthread_count: 36\ngarbage_collection_stats {\n  name: \"PS Scavenge\"\n  gc_collections: 0\n  gc_time: 0\n}\ngarbage_collection_stats {\n  name: \"PS MarkSweep\"\n  gc_collections: 0\n  gc_time: 0\n}\n"}},{"pid":0,"ph":"i","name":"Memory sample","ts":1523450751876000,"args":{"JVM stats":"heap_memory_usage: 527652464\nnon_heap_memory_usage: 154495752\nloaded_class_count: 16412\nthread_count: 36\ngarbage_collection_stats {\n  name: \"PS Scavenge\"\n  gc_collections: 0\n  gc_time: 0\n}\ngarbage_collection_stats {\n  name: \"PS MarkSweep\"\n  gc_collections: 0\n  gc_time: 0\n}\n"}},{"pid":0,"ph":"i","name":"Memory sample","ts":1523450751878000,"args":{"JVM stats":"heap_memory_usage: 527652464\nnon_heap_memory_usage: 154495752\nloaded_class_count: 16412\nthread_count: 36\ngarbage_collection_stats {\n  name: \"PS Scavenge\"\n  gc_collections: 0\n  gc_time: 0\n}\ngarbage_collection_stats {\n  name: \"PS MarkSweep\"\n  gc_collections: 0\n  gc_time: 0\n}\n"}},{"pid":0,"ph":"i","name":"Memory sample","ts":1523450751878001,"args":{"JVM stats":"heap_memory_usage: 527652464\nnon_heap_memory_usage: 154496704\nloaded_class_count: 16412\nthread_count: 36\ngarbage_collection_stats {\n  name: \"PS Scavenge\"\n  gc_collections: 0\n  gc_time: 0\n}\ngarbage_collection_stats {\n  name: \"PS MarkSweep\"\n  gc_collections: 0\n  gc_time: 0\n}\n"}},{"pid":0,"ph":"i","name":"Memory sample","ts":1523450751879000,"args":{"JVM stats":"heap_memory_usage: 527652464\nnon_heap_memory_usage: 154496704\nloaded_class_count: 16412\nthread_count: 36\ngarbage_collection_stats {\n  name: \"PS Scavenge\"\n  gc_collections: 0\n  gc_time: 0\n}\ngarbage_collection_stats {\n  name: \"PS MarkSweep\"\n  gc_collections: 0\n  gc_time: 0\n}\n"}},{"pid":0,"ph":"i","name":"Memory sample","ts":1523450751880000,"args":{"JVM stats":"heap_memory_usage: 527901776\nnon_heap_memory_usage: 154499064\nloaded_class_count: 16413\nthread_count: 36\ngarbage_collection_stats {\n  name: \"PS Scavenge\"\n  gc_collections: 0\n  gc_time: 0\n}\ngarbage_collection_stats {\n  name: \"PS MarkSweep\"\n  gc_collections: 0\n  gc_time: 0\n}\n"}},{"pid":0,"ph":"i","name":"Memory sample","ts":1523450751883000,"args":{"JVM stats":"heap_memory_usage: 527901776\nnon_heap_memory_usage: 154519240\nloaded_class_count: 16414\nthread_count: 36\ngarbage_collection_stats {\n  name: \"PS Scavenge\"\n  gc_collections: 0\n  gc_time: 0\n}\ngarbage_collection_stats {\n  name: \"PS MarkSweep\"\n  gc_collections: 0\n  gc_time: 0\n}\n"}},{"pid":0,"ph":"i","name":"Memory sample","ts":1523450751893000,"args":{"JVM stats":"heap_memory_usage: 528650472\nnon_heap_memory_usage: 154544128\nloaded_class_count: 16414\nthread_count: 36\ngarbage_collection_stats {\n  name: \"PS Scavenge\"\n  gc_collections: 0\n  gc_time: 0\n}\ngarbage_collection_stats {\n  name: \"PS MarkSweep\"\n  gc_collections: 0\n  gc_time: 0\n}\n"}},{"pid":0,"ph":"i","name":"Memory sample","ts":1523450751911000,"args":{"JVM stats":"heap_memory_usage: 530146672\nnon_heap_memory_usage: 154584632\nloaded_class_count: 16414\nthread_count: 36\ngarbage_collection_stats {\n  name: \"PS Scavenge\"\n  gc_collections: 0\n  gc_time: 0\n}\ngarbage_collection_stats {\n  name: \"PS MarkSweep\"\n  gc_collections: 0\n  gc_time: 0\n}\n"}},{"pid":0,"ph":"i","name":"Memory sample","ts":1523450751918000,"args":{"JVM stats":"heap_memory_usage: 530645736\nnon_heap_memory_usage: 154629496\nloaded_class_count: 16414\nthread_count: 36\ngarbage_collection_stats {\n  name: \"PS Scavenge\"\n  gc_collections: 0\n  gc_time: 0\n}\ngarbage_collection_stats {\n  name: \"PS MarkSweep\"\n  gc_collections: 0\n  gc_time: 0\n}\n"}},{"pid":0,"ph":"i","name":"Memory sample","ts":1523450751927000,"args":{"JVM stats":"heap_memory_usage: 531144656\nnon_heap_memory_usage: 154651616\nloaded_class_count: 16414\nthread_count: 36\ngarbage_collection_stats {\n  name: \"PS Scavenge\"\n  gc_collections: 0\n  gc_time: 0\n}\ngarbage_collection_stats {\n  name: \"PS MarkSweep\"\n  gc_collections: 0\n  gc_time: 0\n}\n"}},{"pid":0,"ph":"i","name":"Memory sample","ts":1523450751928000,"args":{"JVM stats":"heap_memory_usage: 531144656\nnon_heap_memory_usage: 154651976\nloaded_class_count: 16414\nthread_count: 36\ngarbage_collection_stats {\n  name: \"PS Scavenge\"\n  gc_collections: 0\n  gc_time: 0\n}\ngarbage_collection_stats {\n  name: \"PS MarkSweep\"\n  gc_collections: 0\n  gc_time: 0\n}\n"}},{"pid":0,"ph":"i","name":"Memory sample","ts":1523450751930000,"args":{"JVM stats":"heap_memory_usage: 531393912\nnon_heap_memory_usage: 154657600\nloaded_class_count: 16414\nthread_count: 36\ngarbage_collection_stats {\n  name: \"PS Scavenge\"\n  gc_collections: 0\n  gc_time: 0\n}\ngarbage_collection_stats {\n  name: \"PS MarkSweep\"\n  gc_collections: 0\n  gc_time: 0\n}\n"}},{"pid":0,"ph":"i","name":"Memory sample","ts":1523450751933000,"args":{"JVM stats":"heap_memory_usage: 531393912\nnon_heap_memory_usage: 154661104\nloaded_class_count: 16414\nthread_count: 36\ngarbage_collection_stats {\n  name: \"PS Scavenge\"\n  gc_collections: 0\n  gc_time: 0\n}\ngarbage_collection_stats {\n  name: \"PS MarkSweep\"\n  gc_collections: 0\n  gc_time: 0\n}\n"}},{"pid":0,"ph":"i","name":"Memory sample","ts":1523450751939000,"args":{"JVM stats":"heap_memory_usage: 531892560\nnon_heap_memory_usage: 154741168\nloaded_class_count: 16414\nthread_count: 36\ngarbage_collection_stats {\n  name: \"PS Scavenge\"\n  gc_collections: 0\n  gc_time: 0\n}\ngarbage_collection_stats {\n  name: \"PS MarkSweep\"\n  gc_collections: 0\n  gc_time: 0\n}\n"}},{"pid":0,"ph":"i","name":"Memory sample","ts":1523450751941000,"args":{"JVM stats":"heap_memory_usage: 532141952\nnon_heap_memory_usage: 154753200\nloaded_class_count: 16414\nthread_count: 36\ngarbage_collection_stats {\n  name: \"PS Scavenge\"\n  gc_collections: 0\n  gc_time: 0\n}\ngarbage_collection_stats {\n  name: \"PS MarkSweep\"\n  gc_collections: 0\n  gc_time: 0\n}\n"}},{"pid":0,"ph":"i","name":"Memory sample","ts":1523450751942000,"args":{"JVM stats":"heap_memory_usage: 532141952\nnon_heap_memory_usage: 154756784\nloaded_class_count: 16414\nthread_count: 36\ngarbage_collection_stats {\n  name: \"PS Scavenge\"\n  gc_collections: 0\n  gc_time: 0\n}\ngarbage_collection_stats {\n  name: \"PS MarkSweep\"\n  gc_collections: 0\n  gc_time: 0\n}\n"}},{"pid":0,"ph":"i","name":"Memory sample","ts":1523450751942001,"args":{"JVM stats":"heap_memory_usage: 532141952\nnon_heap_memory_usage: 154757808\nloaded_class_count: 16414\nthread_count: 36\ngarbage_collection_stats {\n  name: \"PS Scavenge\"\n  gc_collections: 0\n  gc_time: 0\n}\ngarbage_collection_stats {\n  name: \"PS MarkSweep\"\n  gc_collections: 0\n  gc_time: 0\n}\n"}},{"pid":0,"ph":"i","name":"Memory sample","ts":1523450751955000,"args":{"JVM stats":"heap_memory_usage: 533388760\nnon_heap_memory_usage: 154811464\nloaded_class_count: 16414\nthread_count: 27\ngarbage_collection_stats {\n  name: \"PS Scavenge\"\n  gc_collections: 0\n  gc_time: 0\n}\ngarbage_collection_stats {\n  name: \"PS MarkSweep\"\n  gc_collections: 0\n  gc_time: 0\n}\n"}},{"pid":1,"tid":8,"id":2,"name":"base plugin project configure","args":{"span_id":"2","project":"id: 1\nandroid_plugin_version: \"3.0.1\"\nandroid_plugin: APPLICATION\nplugin_generation: FIRST\nbuild_tools_version: \"26.0.2\"\ncompile_sdk: \"android-26\"\nsplits {\n}\n"},"ph":"X","ts":1523450751619000,"dur":4000},{"pid":1,"tid":8,"id":3,"name":"base plugin project base extension creation","args":{"span_id":"3","project":"id: 1\nandroid_plugin_version: \"3.0.1\"\nandroid_plugin: APPLICATION\nplugin_generation: FIRST\nbuild_tools_version: \"26.0.2\"\ncompile_sdk: \"android-26\"\nsplits {\n}\n"},"ph":"X","ts":1523450751623000,"dur":3000},{"pid":1,"tid":8,"id":5,"name":"task manager create tasks","args":{"span_id":"5","project":"id: 1\nandroid_plugin_version: \"3.0.1\"\nandroid_plugin: APPLICATION\nplugin_generation: FIRST\nbuild_tools_version: \"26.0.2\"\ncompile_sdk: \"android-26\"\nsplits {\n}\n"},"ph":"X","ts":1523450751626000,"dur":1000},{"pid":1,"tid":8,"id":4,"name":"base plugin project tasks creation","args":{"span_id":"4","project":"id: 1\nandroid_plugin_version: \"3.0.1\"\nandroid_plugin: APPLICATION\nplugin_generation: FIRST\nbuild_tools_version: \"26.0.2\"\ncompile_sdk: \"android-26\"\nsplits {\n}\n"},"ph":"X","ts":1523450751626000,"dur":1000},{"pid":1,"tid":8,"id":8,"name":"variant manager create variants","args":{"span_id":"8","project":"id: 1\nandroid_plugin_version: \"3.0.1\"\nandroid_plugin: APPLICATION\nplugin_generation: FIRST\nbuild_tools_version: \"26.0.2\"\ncompile_sdk: \"android-26\"\nsplits {\n}\n"},"ph":"X","ts":1523450751630000,"dur":3000},{"pid":1,"tid":8,"id":9,"name":"variant manager create tests tasks","args":{"span_id":"9","project":"id: 1\nandroid_plugin_version: \"3.0.1\"\nandroid_plugin: APPLICATION\nplugin_generation: FIRST\nbuild_tools_version: \"26.0.2\"\ncompile_sdk: \"android-26\"\nsplits {\n}\n"},"ph":"X","ts":1523450751633000,"dur":100},{"pid":1,"tid":8,"id":11,"name":"app task manager create merge manifest task","args":{"span_id":"11","project":"id: 1\nandroid_plugin_version: \"3.0.1\"\nandroid_plugin: APPLICATION\nplugin_generation: FIRST\nbuild_tools_version: \"26.0.2\"\ncompile_sdk: \"android-26\"\nsplits {\n}\n","variant":"id: 1\nis_debug: true\nminify_enabled: false\nuse_multidex: false\nuse_legacy_multidex: false\nvariant_type: APPLICATION\nmin_sdk_version {\n  api_level: 15\n}\ntarget_sdk_version {\n  api_level: 26\n}\ndex_builder: DX_DEXER\ndex_merger: DX_MERGER\n"},"ph":"X","ts":1523450751634000,"dur":1000},{"pid":1,"tid":8,"id":12,"name":"app task manager create generate res values task","args":{"span_id":"12","project":"id: 1\nandroid_plugin_version: \"3.0.1\"\nandroid_plugin: APPLICATION\nplugin_generation: FIRST\nbuild_tools_version: \"26.0.2\"\ncompile_sdk: \"android-26\"\nsplits {\n}\n","variant":"id: 1\nis_debug: true\nminify_enabled: false\nuse_multidex: false\nuse_legacy_multidex: false\nvariant_type: APPLICATION\nmin_sdk_version {\n  api_level: 15\n}\ntarget_sdk_version {\n  api_level: 26\n}\ndex_builder: DX_DEXER\ndex_merger: DX_MERGER\n"},"ph":"X","ts":1523450751635000,"dur":100},{"pid":1,"tid":8,"id":13,"name":"app task manager create create renderscript task","args":{"span_id":"13","project":"id: 1\nandroid_plugin_version: \"3.0.1\"\nandroid_plugin: APPLICATION\nplugin_generation: FIRST\nbuild_tools_version: \"26.0.2\"\ncompile_sdk: \"android-26\"\nsplits {\n}\n","variant":"id: 1\nis_debug: true\nminify_enabled: false\nuse_multidex: false\nuse_legacy_multidex: false\nvariant_type: APPLICATION\nmin_sdk_version {\n  api_level: 15\n}\ntarget_sdk_version {\n  api_level: 26\n}\ndex_builder: DX_DEXER\ndex_merger: DX_MERGER\n"},"ph":"X","ts":1523450751635000,"dur":1000},{"pid":1,"tid":8,"id":14,"name":"app task manager create merge resources task","args":{"span_id":"14","project":"id: 1\nandroid_plugin_version: \"3.0.1\"\nandroid_plugin: APPLICATION\nplugin_generation: FIRST\nbuild_tools_version: \"26.0.2\"\ncompile_sdk: \"android-26\"\nsplits {\n}\n","variant":"id: 1\nis_debug: true\nminify_enabled: false\nuse_multidex: false\nuse_legacy_multidex: false\nvariant_type: APPLICATION\nmin_sdk_version {\n  api_level: 15\n}\ntarget_sdk_version {\n  api_level: 26\n}\ndex_builder: DX_DEXER\ndex_merger: DX_MERGER\n"},"ph":"X","ts":1523450751636000,"dur":1000},{"pid":1,"tid":8,"id":15,"name":"app task manager create merge assets task","args":{"span_id":"15","project":"id: 1\nandroid_plugin_version: \"3.0.1\"\nandroid_plugin: APPLICATION\nplugin_generation: FIRST\nbuild_tools_version: \"26.0.2\"\ncompile_sdk: \"android-26\"\nsplits {\n}\n","variant":"id: 1\nis_debug: true\nminify_enabled: false\nuse_multidex: false\nuse_legacy_multidex: false\nvariant_type: APPLICATION\nmin_sdk_version {\n  api_level: 15\n}\ntarget_sdk_version {\n  api_level: 26\n}\ndex_builder: DX_DEXER\ndex_merger: DX_MERGER\n"},"ph":"X","ts":1523450751637000,"dur":100},{"pid":1,"tid":8,"id":16,"name":"app task manager create build config task","args":{"span_id":"16","project":"id: 1\nandroid_plugin_version: \"3.0.1\"\nandroid_plugin: APPLICATION\nplugin_generation: FIRST\nbuild_tools_version: \"26.0.2\"\ncompile_sdk: \"android-26\"\nsplits {\n}\n","variant":"id: 1\nis_debug: true\nminify_enabled: false\nuse_multidex: false\nuse_legacy_multidex: false\nvariant_type: APPLICATION\nmin_sdk_version {\n  api_level: 15\n}\ntarget_sdk_version {\n  api_level: 26\n}\ndex_builder: DX_DEXER\ndex_merger: DX_MERGER\n"},"ph":"X","ts":1523450751637000,"dur":100},{"pid":1,"tid":8,"id":17,"name":"app task manager create process res task","args":{"span_id":"17","project":"id: 1\nandroid_plugin_version: \"3.0.1\"\nandroid_plugin: APPLICATION\nplugin_generation: FIRST\nbuild_tools_version: \"26.0.2\"\ncompile_sdk: \"android-26\"\nsplits {\n}\n","variant":"id: 1\nis_debug: true\nminify_enabled: false\nuse_multidex: false\nuse_legacy_multidex: false\nvariant_type: APPLICATION\nmin_sdk_version {\n  api_level: 15\n}\ntarget_sdk_version {\n  api_level: 26\n}\ndex_builder: DX_DEXER\ndex_merger: DX_MERGER\n"},"ph":"X","ts":1523450751637000,"dur":3000},{"pid":1,"tid":8,"id":18,"name":"app task manager create aidl task","args":{"span_id":"18","project":"id: 1\nandroid_plugin_version: \"3.0.1\"\nandroid_plugin: APPLICATION\nplugin_generation: FIRST\nbuild_tools_version: \"26.0.2\"\ncompile_sdk: \"android-26\"\nsplits {\n}\n","variant":"id: 1\nis_debug: true\nminify_enabled: false\nuse_multidex: false\nuse_legacy_multidex: false\nvariant_type: APPLICATION\nmin_sdk_version {\n  api_level: 15\n}\ntarget_sdk_version {\n  api_level: 26\n}\ndex_builder: DX_DEXER\ndex_merger: DX_MERGER\n"},"ph":"X","ts":1523450751640000,"dur":100},{"pid":1,"tid":8,"id":19,"name":"app task manager create shader task","args":{"span_id":"19","project":"id: 1\nandroid_plugin_version: \"3.0.1\"\nandroid_plugin: APPLICATION\nplugin_generation: FIRST\nbuild_tools_version: \"26.0.2\"\ncompile_sdk: \"android-26\"\nsplits {\n}\n","variant":"id: 1\nis_debug: true\nminify_enabled: false\nuse_multidex: false\nuse_legacy_multidex: false\nvariant_type: APPLICATION\nmin_sdk_version {\n  api_level: 15\n}\ntarget_sdk_version {\n  api_level: 26\n}\ndex_builder: DX_DEXER\ndex_merger: DX_MERGER\n"},"ph":"X","ts":1523450751640000,"dur":1000},{"pid":1,"tid":8,"id":20,"name":"app task manager create ndk task","args":{"span_id":"20","project":"id: 1\nandroid_plugin_version: \"3.0.1\"\nandroid_plugin: APPLICATION\nplugin_generation: FIRST\nbuild_tools_version: \"26.0.2\"\ncompile_sdk: \"android-26\"\nsplits {\n}\n","variant":"id: 1\nis_debug: true\nminify_enabled: false\nuse_multidex: false\nuse_legacy_multidex: false\nvariant_type: APPLICATION\nmin_sdk_version {\n  api_level: 15\n}\ntarget_sdk_version {\n  api_level: 26\n}\ndex_builder: DX_DEXER\ndex_merger: DX_MERGER\n"},"ph":"X","ts":1523450751641000,"dur":100},{"pid":1,"tid":8,"id":21,"name":"app task manager create external native build task","args":{"span_id":"21","project":"id: 1\nandroid_plugin_version: \"3.0.1\"\nandroid_plugin: APPLICATION\nplugin_generation: FIRST\nbuild_tools_version: \"26.0.2\"\ncompile_sdk: \"android-26\"\nsplits {\n}\n","variant":"id: 1\nis_debug: true\nminify_enabled: false\nuse_multidex: false\nuse_legacy_multidex: false\nvariant_type: APPLICATION\nmin_sdk_version {\n  api_level: 15\n}\ntarget_sdk_version {\n  api_level: 26\n}\ndex_builder: DX_DEXER\ndex_merger: DX_MERGER\n"},"ph":"X","ts":1523450751641000,"dur":100},{"pid":1,"tid":8,"id":22,"name":"app task manager create merge jnilibs folders task","args":{"span_id":"22","project":"id: 1\nandroid_plugin_version: \"3.0.1\"\nandroid_plugin: APPLICATION\nplugin_generation: FIRST\nbuild_tools_version: \"26.0.2\"\ncompile_sdk: \"android-26\"\nsplits {\n}\n","variant":"id: 1\nis_debug: true\nminify_enabled: false\nuse_multidex: false\nuse_legacy_multidex: false\nvariant_type: APPLICATION\nmin_sdk_version {\n  api_level: 15\n}\ntarget_sdk_version {\n  api_level: 26\n}\ndex_builder: DX_DEXER\ndex_merger: DX_MERGER\n"},"ph":"X","ts":1523450751641000,"dur":100},{"pid":1,"tid":8,"id":23,"name":"app task manager create compile task","args":{"span_id":"23","project":"id: 1\nandroid_plugin_version: \"3.0.1\"\nandroid_plugin: APPLICATION\nplugin_generation: FIRST\nbuild_tools_version: \"26.0.2\"\ncompile_sdk: \"android-26\"\nsplits {\n}\n","variant":"id: 1\nis_debug: true\nminify_enabled: false\nuse_multidex: false\nuse_legacy_multidex: false\nvariant_type: APPLICATION\nmin_sdk_version {\n  api_level: 15\n}\ntarget_sdk_version {\n  api_level: 26\n}\ndex_builder: DX_DEXER\ndex_merger: DX_MERGER\n"},"ph":"X","ts":1523450751641000,"dur":7000},{"pid":1,"tid":8,"id":24,"name":"app task manager create packaging task","args":{"span_id":"24","project":"id: 1\nandroid_plugin_version: \"3.0.1\"\nandroid_plugin: APPLICATION\nplugin_generation: FIRST\nbuild_tools_version: \"26.0.2\"\ncompile_sdk: \"android-26\"\nsplits {\n}\n","variant":"id: 1\nis_debug: true\nminify_enabled: false\nuse_multidex: false\nuse_legacy_multidex: false\nvariant_type: APPLICATION\nmin_sdk_version {\n  api_level: 15\n}\ntarget_sdk_version {\n  api_level: 26\n}\ndex_builder: DX_DEXER\ndex_merger: DX_MERGER\n"},"ph":"X","ts":1523450751648000,"dur":2000},{"pid":1,"tid":8,"id":25,"name":"app task manager create lint task","args":{"span_id":"25","project":"id: 1\nandroid_plugin_version: \"3.0.1\"\nandroid_plugin: APPLICATION\nplugin_generation: FIRST\nbuild_tools_version: \"26.0.2\"\ncompile_sdk: \"android-26\"\nsplits {\n}\n","variant":"id: 1\nis_debug: true\nminify_enabled: false\nuse_multidex: false\nuse_legacy_multidex: false\nvariant_type: APPLICATION\nmin_sdk_version {\n  api_level: 15\n}\ntarget_sdk_version {\n  api_level: 26\n}\ndex_builder: DX_DEXER\ndex_merger: DX_MERGER\n"},"ph":"X","ts":1523450751650000,"dur":100},{"pid":1,"tid":8,"id":10,"name":"variant manager create tasks for variant","args":{"span_id":"10","project":"id: 1\nandroid_plugin_version: \"3.0.1\"\nandroid_plugin: APPLICATION\nplugin_generation: FIRST\nbuild_tools_version: \"26.0.2\"\ncompile_sdk: \"android-26\"\nsplits {\n}\n","variant":"id: 1\nis_debug: true\nminify_enabled: false\nuse_multidex: false\nuse_legacy_multidex: false\nvariant_type: APPLICATION\nmin_sdk_version {\n  api_level: 15\n}\ntarget_sdk_version {\n  api_level: 26\n}\ndex_builder: DX_DEXER\ndex_merger: DX_MERGER\n"},"ph":"X","ts":1523450751633000,"dur":17000},{"pid":1,"tid":8,"id":26,"name":"variant manager create tasks for variant","args":{"span_id":"26","project":"id: 1\nandroid_plugin_version: \"3.0.1\"\nandroid_plugin: APPLICATION\nplugin_generation: FIRST\nbuild_tools_version: \"26.0.2\"\ncompile_sdk: \"android-26\"\nsplits {\n}\n"},"ph":"X","ts":1523450751650000,"dur":5000},{"pid":1,"tid":8,"id":27,"name":"variant manager create tasks for variant","args":{"span_id":"27","project":"id: 1\nandroid_plugin_version: \"3.0.1\"\nandroid_plugin: APPLICATION\nplugin_generation: FIRST\nbuild_tools_version: \"26.0.2\"\ncompile_sdk: \"android-26\"\nsplits {\n}\n"},"ph":"X","ts":1523450751655000,"dur":8000},{"pid":1,"tid":8,"id":7,"name":"variant manager create android tasks","args":{"span_id":"7","project":"id: 1\nandroid_plugin_version: \"3.0.1\"\nandroid_plugin: APPLICATION\nplugin_generation: FIRST\nbuild_tools_version: \"26.0.2\"\ncompile_sdk: \"android-26\"\nsplits {\n}\n"},"ph":"X","ts":1523450751630000,"dur":34000},{"pid":1,"tid":8,"id":28,"name":"variant manager external native config values","args":{"span_id":"28","project":"id: 1\nandroid_plugin_version: \"3.0.1\"\nandroid_plugin: APPLICATION\nplugin_generation: FIRST\nbuild_tools_version: \"26.0.2\"\ncompile_sdk: \"android-26\"\nsplits {\n}\n"},"ph":"X","ts":1523450751664000,"dur":100},{"pid":1,"tid":8,"id":6,"name":"base plugin create android tasks","args":{"span_id":"6","project":"id: 1\nandroid_plugin_version: \"3.0.1\"\nandroid_plugin: APPLICATION\nplugin_generation: FIRST\nbuild_tools_version: \"26.0.2\"\ncompile_sdk: \"android-26\"\nsplits {\n}\n"},"ph":"X","ts":1523450751629000,"dur":35000},{"pid":1,"tid":0,"id":29,"name":"task: build info loader","args":{"span_id":"29","project":"id: 1\nandroid_plugin_version: \"3.0.1\"\nandroid_plugin: APPLICATION\nplugin_generation: FIRST\nbuild_tools_version: \"26.0.2\"\ncompile_sdk: \"android-26\"\nsplits {\n}\n","variant":"id: 1\nis_debug: true\nminify_enabled: false\nuse_multidex: false\nuse_legacy_multidex: false\nvariant_type: APPLICATION\nmin_sdk_version {\n  api_level: 15\n}\ntarget_sdk_version {\n  api_level: 26\n}\ndex_builder: DX_DEXER\ndex_merger: DX_MERGER\n","task":"type: 7\ndid_work: true\nskipped: false\nup_to_date: false\nfailed: false\n"},"ph":"X","ts":1523450751686000,"dur":2000},{"pid":1,"tid":0,"id":30,"name":"task: unknown task type","args":{"span_id":"30","project":"id: 1\nandroid_plugin_version: \"3.0.1\"\nandroid_plugin: APPLICATION\nplugin_generation: FIRST\nbuild_tools_version: \"26.0.2\"\ncompile_sdk: \"android-26\"\nsplits {\n}\n","task":"type: 0\ndid_work: false\nskipped: true\nup_to_date: true\nfailed: false\n"},"ph":"X","ts":1523450751688000,"dur":100},{"pid":1,"tid":0,"id":31,"name":"task: app pre build","args":{"span_id":"31","project":"id: 1\nandroid_plugin_version: \"3.0.1\"\nandroid_plugin: APPLICATION\nplugin_generation: FIRST\nbuild_tools_version: \"26.0.2\"\ncompile_sdk: \"android-26\"\nsplits {\n}\n","variant":"id: 1\nis_debug: true\nminify_enabled: false\nuse_multidex: false\nuse_legacy_multidex: false\nvariant_type: APPLICATION\nmin_sdk_version {\n  api_level: 15\n}\ntarget_sdk_version {\n  api_level: 26\n}\ndex_builder: DX_DEXER\ndex_merger: DX_MERGER\n","task":"type: 92\ndid_work: false\nskipped: true\nup_to_date: true\nfailed: false\n"},"ph":"X","ts":1523450751689000,"dur":37000},{"pid":1,"tid":0,"id":32,"name":"task: aidl compile","args":{"span_id":"32","project":"id: 1\nandroid_plugin_version: \"3.0.1\"\nandroid_plugin: APPLICATION\nplugin_generation: FIRST\nbuild_tools_version: \"26.0.2\"\ncompile_sdk: \"android-26\"\nsplits {\n}\n","variant":"id: 1\nis_debug: true\nminify_enabled: false\nuse_multidex: false\nuse_legacy_multidex: false\nvariant_type: APPLICATION\nmin_sdk_version {\n  api_level: 15\n}\ntarget_sdk_version {\n  api_level: 26\n}\ndex_builder: DX_DEXER\ndex_merger: DX_MERGER\n","task":"type: 1\ndid_work: false\nskipped: true\nup_to_date: true\nfailed: false\n"},"ph":"X","ts":1523450751726000,"dur":4000},{"pid":1,"tid":0,"id":33,"name":"task: renderscript compile","args":{"span_id":"33","project":"id: 1\nandroid_plugin_version: \"3.0.1\"\nandroid_plugin: APPLICATION\nplugin_generation: FIRST\nbuild_tools_version: \"26.0.2\"\ncompile_sdk: \"android-26\"\nsplits {\n}\n","variant":"id: 1\nis_debug: true\nminify_enabled: false\nuse_multidex: false\nuse_legacy_multidex: false\nvariant_type: APPLICATION\nmin_sdk_version {\n  api_level: 15\n}\ntarget_sdk_version {\n  api_level: 26\n}\ndex_builder: DX_DEXER\ndex_merger: DX_MERGER\n","task":"type: 54\ndid_work: false\nskipped: true\nup_to_date: true\nfailed: false\n"},"ph":"X","ts":1523450751732000,"dur":6000},{"pid":1,"tid":0,"id":34,"name":"task: check manifest","args":{"span_id":"34","project":"id: 1\nandroid_plugin_version: \"3.0.1\"\nandroid_plugin: APPLICATION\nplugin_generation: FIRST\nbuild_tools_version: \"26.0.2\"\ncompile_sdk: \"android-26\"\nsplits {\n}\n","variant":"id: 1\nis_debug: true\nminify_enabled: false\nuse_multidex: false\nuse_legacy_multidex: false\nvariant_type: APPLICATION\nmin_sdk_version {\n  api_level: 15\n}\ntarget_sdk_version {\n  api_level: 26\n}\ndex_builder: DX_DEXER\ndex_merger: DX_MERGER\n","task":"type: 8\ndid_work: false\nskipped: true\nup_to_date: true\nfailed: false\n"},"ph":"X","ts":1523450751738000,"dur":1000},{"pid":1,"tid":0,"id":35,"name":"task: generate build config","args":{"span_id":"35","project":"id: 1\nandroid_plugin_version: \"3.0.1\"\nandroid_plugin: APPLICATION\nplugin_generation: FIRST\nbuild_tools_version: \"26.0.2\"\ncompile_sdk: \"android-26\"\nsplits {\n}\n","variant":"id: 1\nis_debug: true\nminify_enabled: false\nuse_multidex: false\nuse_legacy_multidex: false\nvariant_type: APPLICATION\nmin_sdk_version {\n  api_level: 15\n}\ntarget_sdk_version {\n  api_level: 26\n}\ndex_builder: DX_DEXER\ndex_merger: DX_MERGER\n","task":"type: 24\ndid_work: false\nskipped: true\nup_to_date: true\nfailed: false\n"},"ph":"X","ts":1523450751739000,"dur":3000},{"pid":1,"tid":0,"id":36,"name":"task: prepare lint jar","args":{"span_id":"36","project":"id: 1\nandroid_plugin_version: \"3.0.1\"\nandroid_plugin: APPLICATION\nplugin_generation: FIRST\nbuild_tools_version: \"26.0.2\"\ncompile_sdk: \"android-26\"\nsplits {\n}\n","task":"type: 119\ndid_work: false\nskipped: true\nup_to_date: true\nfailed: false\n"},"ph":"X","ts":1523450751742000,"dur":1000},{"pid":1,"tid":0,"id":37,"name":"task: generate res values","args":{"span_id":"37","project":"id: 1\nandroid_plugin_version: \"3.0.1\"\nandroid_plugin: APPLICATION\nplugin_generation: FIRST\nbuild_tools_version: \"26.0.2\"\ncompile_sdk: \"android-26\"\nsplits {\n}\n","variant":"id: 1\nis_debug: true\nminify_enabled: false\nuse_multidex: false\nuse_legacy_multidex: false\nvariant_type: APPLICATION\nmin_sdk_version {\n  api_level: 15\n}\ntarget_sdk_version {\n  api_level: 26\n}\ndex_builder: DX_DEXER\ndex_merger: DX_MERGER\n","task":"type: 26\ndid_work: false\nskipped: true\nup_to_date: true\nfailed: false\n"},"ph":"X","ts":1523450751744000,"dur":1000},{"pid":1,"tid":0,"id":38,"name":"task: unknown task type","args":{"span_id":"38","project":"id: 1\nandroid_plugin_version: \"3.0.1\"\nandroid_plugin: APPLICATION\nplugin_generation: FIRST\nbuild_tools_version: \"26.0.2\"\ncompile_sdk: \"android-26\"\nsplits {\n}\n","task":"type: 0\ndid_work: false\nskipped: true\nup_to_date: true\nfailed: false\n"},"ph":"X","ts":1523450751745000,"dur":100},{"pid":1,"tid":0,"id":39,"name":"task: merge resources","args":{"span_id":"39","project":"id: 1\nandroid_plugin_version: \"3.0.1\"\nandroid_plugin: APPLICATION\nplugin_generation: FIRST\nbuild_tools_version: \"26.0.2\"\ncompile_sdk: \"android-26\"\nsplits {\n}\n","variant":"id: 1\nis_debug: true\nminify_enabled: false\nuse_multidex: false\nuse_legacy_multidex: false\nvariant_type: APPLICATION\nmin_sdk_version {\n  api_level: 15\n}\ntarget_sdk_version {\n  api_level: 26\n}\ndex_builder: DX_DEXER\ndex_merger: DX_MERGER\n","task":"type: 40\ndid_work: false\nskipped: true\nup_to_date: true\nfailed: false\n"},"ph":"X","ts":1523450751746000,"dur":36000},{"pid":1,"tid":0,"id":40,"name":"task: compatible screens manifest","args":{"span_id":"40","project":"id: 1\nandroid_plugin_version: \"3.0.1\"\nandroid_plugin: APPLICATION\nplugin_generation: FIRST\nbuild_tools_version: \"26.0.2\"\ncompile_sdk: \"android-26\"\nsplits {\n}\n","variant":"id: 1\nis_debug: true\nminify_enabled: false\nuse_multidex: false\nuse_legacy_multidex: false\nvariant_type: APPLICATION\nmin_sdk_version {\n  api_level: 15\n}\ntarget_sdk_version {\n  api_level: 26\n}\ndex_builder: DX_DEXER\ndex_merger: DX_MERGER\n","task":"type: 9\ndid_work: false\nskipped: true\nup_to_date: true\nfailed: false\n"},"ph":"X","ts":1523450751783000,"dur":1000},{"pid":1,"tid":0,"id":41,"name":"task: merge manifests","args":{"span_id":"41","project":"id: 1\nandroid_plugin_version: \"3.0.1\"\nandroid_plugin: APPLICATION\nplugin_generation: FIRST\nbuild_tools_version: \"26.0.2\"\ncompile_sdk: \"android-26\"\nsplits {\n}\n","variant":"id: 1\nis_debug: true\nminify_enabled: false\nuse_multidex: false\nuse_legacy_multidex: false\nvariant_type: APPLICATION\nmin_sdk_version {\n  api_level: 15\n}\ntarget_sdk_version {\n  api_level: 26\n}\ndex_builder: DX_DEXER\ndex_merger: DX_MERGER\n","task":"type: 39\ndid_work: false\nskipped: true\nup_to_date: true\nfailed: false\n"},"ph":"X","ts":1523450751785000,"dur":2000},{"pid":1,"tid":0,"id":42,"name":"task: splits discovery","args":{"span_id":"42","project":"id: 1\nandroid_plugin_version: \"3.0.1\"\nandroid_plugin: APPLICATION\nplugin_generation: FIRST\nbuild_tools_version: \"26.0.2\"\ncompile_sdk: \"android-26\"\nsplits {\n}\n","variant":"id: 1\nis_debug: true\nminify_enabled: false\nuse_multidex: false\nuse_legacy_multidex: false\nvariant_type: APPLICATION\nmin_sdk_version {\n  api_level: 15\n}\ntarget_sdk_version {\n  api_level: 26\n}\ndex_builder: DX_DEXER\ndex_merger: DX_MERGER\n","task":"type: 87\ndid_work: false\nskipped: true\nup_to_date: true\nfailed: false\n"},"ph":"X","ts":1523450751788000,"dur":1000},{"pid":1,"tid":0,"id":43,"name":"task: process android resources","args":{"span_id":"43","project":"id: 1\nandroid_plugin_version: \"3.0.1\"\nandroid_plugin: APPLICATION\nplugin_generation: FIRST\nbuild_tools_version: \"26.0.2\"\ncompile_sdk: \"android-26\"\nsplits {\n}\n","variant":"id: 1\nis_debug: true\nminify_enabled: false\nuse_multidex: false\nuse_legacy_multidex: false\nvariant_type: APPLICATION\nmin_sdk_version {\n  api_level: 15\n}\ntarget_sdk_version {\n  api_level: 26\n}\ndex_builder: DX_DEXER\ndex_merger: DX_MERGER\n","task":"type: 51\ndid_work: false\nskipped: true\nup_to_date: true\nfailed: false\n"},"ph":"X","ts":1523450751790000,"dur":10000},{"pid":1,"tid":0,"id":44,"name":"task: unknown task type","args":{"span_id":"44","project":"id: 1\nandroid_plugin_version: \"3.0.1\"\nandroid_plugin: APPLICATION\nplugin_generation: FIRST\nbuild_tools_version: \"26.0.2\"\ncompile_sdk: \"android-26\"\nsplits {\n}\n","task":"type: 0\ndid_work: false\nskipped: false\nup_to_date: false\nfailed: false\n"},"ph":"X","ts":1523450751800000,"dur":100},{"pid":1,"tid":0,"id":45,"name":"task: java pre compile","args":{"span_id":"45","project":"id: 1\nandroid_plugin_version: \"3.0.1\"\nandroid_plugin: APPLICATION\nplugin_generation: FIRST\nbuild_tools_version: \"26.0.2\"\ncompile_sdk: \"android-26\"\nsplits {\n}\n","variant":"id: 1\nis_debug: true\nminify_enabled: false\nuse_multidex: false\nuse_legacy_multidex: false\nvariant_type: APPLICATION\nmin_sdk_version {\n  api_level: 15\n}\ntarget_sdk_version {\n  api_level: 26\n}\ndex_builder: DX_DEXER\ndex_merger: DX_MERGER\n","task":"type: 76\ndid_work: false\nskipped: true\nup_to_date: true\nfailed: false\n"},"ph":"X","ts":1523450751801000,"dur":4000},{"pid":1,"tid":0,"id":46,"name":"task: android java compile","args":{"span_id":"46","project":"id: 1\nandroid_plugin_version: \"3.0.1\"\nandroid_plugin: APPLICATION\nplugin_generation: FIRST\nbuild_tools_version: \"26.0.2\"\ncompile_sdk: \"android-26\"\nsplits {\n}\n","task":"type: 3\ndid_work: false\nskipped: true\nup_to_date: true\nfailed: false\n"},"ph":"X","ts":1523450751806000,"dur":7000},{"pid":1,"tid":0,"id":47,"name":"task: merge source set folders","args":{"span_id":"47","project":"id: 1\nandroid_plugin_version: \"3.0.1\"\nandroid_plugin: APPLICATION\nplugin_generation: FIRST\nbuild_tools_version: \"26.0.2\"\ncompile_sdk: \"android-26\"\nsplits {\n}\n","variant":"id: 1\nis_debug: true\nminify_enabled: false\nuse_multidex: false\nuse_legacy_multidex: false\nvariant_type: APPLICATION\nmin_sdk_version {\n  api_level: 15\n}\ntarget_sdk_version {\n  api_level: 26\n}\ndex_builder: DX_DEXER\ndex_merger: DX_MERGER\n","task":"type: 41\ndid_work: false\nskipped: true\nup_to_date: true\nfailed: false\n"},"ph":"X","ts":1523450751814000,"dur":1000},{"pid":1,"tid":0,"id":48,"name":"task: shader compile","args":{"span_id":"48","project":"id: 1\nandroid_plugin_version: \"3.0.1\"\nandroid_plugin: APPLICATION\nplugin_generation: FIRST\nbuild_tools_version: \"26.0.2\"\ncompile_sdk: \"android-26\"\nsplits {\n}\n","variant":"id: 1\nis_debug: true\nminify_enabled: false\nuse_multidex: false\nuse_legacy_multidex: false\nvariant_type: APPLICATION\nmin_sdk_version {\n  api_level: 15\n}\ntarget_sdk_version {\n  api_level: 26\n}\ndex_builder: DX_DEXER\ndex_merger: DX_MERGER\n","task":"type: 55\ndid_work: false\nskipped: true\nup_to_date: true\nfailed: false\n"},"ph":"X","ts":1523450751816000,"dur":1000},{"pid":1,"tid":0,"id":49,"name":"task: unknown task type","args":{"span_id":"49","project":"id: 1\nandroid_plugin_version: \"3.0.1\"\nandroid_plugin: APPLICATION\nplugin_generation: FIRST\nbuild_tools_version: \"26.0.2\"\ncompile_sdk: \"android-26\"\nsplits {\n}\n","task":"type: 0\ndid_work: false\nskipped: true\nup_to_date: true\nfailed: false\n"},"ph":"X","ts":1523450751818000,"dur":100},{"pid":1,"tid":0,"id":50,"name":"task: merge source set folders","args":{"span_id":"50","project":"id: 1\nandroid_plugin_version: \"3.0.1\"\nandroid_plugin: APPLICATION\nplugin_generation: FIRST\nbuild_tools_version: \"26.0.2\"\ncompile_sdk: \"android-26\"\nsplits {\n}\n","variant":"id: 1\nis_debug: true\nminify_enabled: false\nuse_multidex: false\nuse_legacy_multidex: false\nvariant_type: APPLICATION\nmin_sdk_version {\n  api_level: 15\n}\ntarget_sdk_version {\n  api_level: 26\n}\ndex_builder: DX_DEXER\ndex_merger: DX_MERGER\n","task":"type: 41\ndid_work: false\nskipped: true\nup_to_date: true\nfailed: false\n"},"ph":"X","ts":1523450751818000,"dur":3000},{"pid":1,"tid":0,"id":51,"name":"task: package application","args":{"span_id":"51","project":"id: 1\nandroid_plugin_version: \"3.0.1\"\nandroid_plugin: APPLICATION\nplugin_generation: FIRST\nbuild_tools_version: \"26.0.2\"\ncompile_sdk: \"android-26\"\nsplits {\n}\n","variant":"id: 1\nis_debug: true\nminify_enabled: false\nuse_multidex: false\nuse_legacy_multidex: false\nvariant_type: APPLICATION\nmin_sdk_version {\n  api_level: 15\n}\ntarget_sdk_version {\n  api_level: 26\n}\ndex_builder: DX_DEXER\ndex_merger: DX_MERGER\n","task":"type: 45\ndid_work: false\nskipped: true\nup_to_date: true\nfailed: false\n"},"ph":"X","ts":1523450751822000,"dur":2000},{"pid":1,"tid":0,"id":52,"name":"task: check manifest in instant run mode","args":{"span_id":"52","project":"id: 1\nandroid_plugin_version: \"3.0.1\"\nandroid_plugin: APPLICATION\nplugin_generation: FIRST\nbuild_tools_version: \"26.0.2\"\ncompile_sdk: \"android-26\"\nsplits {\n}\n","variant":"id: 1\nis_debug: true\nminify_enabled: false\nuse_multidex: false\nuse_legacy_multidex: false\nvariant_type: APPLICATION\nmin_sdk_version {\n  api_level: 15\n}\ntarget_sdk_version {\n  api_level: 26\n}\ndex_builder: DX_DEXER\ndex_merger: DX_MERGER\n","task":"type: 72\ndid_work: true\nskipped: false\nup_to_date: false\nfailed: false\n"},"ph":"X","ts":1523450751824000,"dur":4000},{"pid":1,"tid":0,"id":53,"name":"task: transform","args":{"span_id":"53","project":"id: 1\nandroid_plugin_version: \"3.0.1\"\nandroid_plugin: APPLICATION\nplugin_generation: FIRST\nbuild_tools_version: \"26.0.2\"\ncompile_sdk: \"android-26\"\nsplits {\n}\n","variant":"id: 1\nis_debug: true\nminify_enabled: false\nuse_multidex: false\nuse_legacy_multidex: false\nvariant_type: APPLICATION\nmin_sdk_version {\n  api_level: 15\n}\ntarget_sdk_version {\n  api_level: 26\n}\ndex_builder: DX_DEXER\ndex_merger: DX_MERGER\n","task":"type: 65\ndid_work: false\nskipped: true\nup_to_date: true\nfailed: false\n"},"ph":"X","ts":1523450751828000,"dur":1000},{"pid":1,"tid":0,"id":54,"name":"task: transform","args":{"span_id":"54","project":"id: 1\nandroid_plugin_version: \"3.0.1\"\nandroid_plugin: APPLICATION\nplugin_generation: FIRST\nbuild_tools_version: \"26.0.2\"\ncompile_sdk: \"android-26\"\nsplits {\n}\n","variant":"id: 1\nis_debug: true\nminify_enabled: false\nuse_multidex: false\nuse_legacy_multidex: false\nvariant_type: APPLICATION\nmin_sdk_version {\n  api_level: 15\n}\ntarget_sdk_version {\n  api_level: 26\n}\ndex_builder: DX_DEXER\ndex_merger: DX_MERGER\n","task":"type: 65\ndid_work: false\nskipped: true\nup_to_date: true\nfailed: false\n"},"ph":"X","ts":1523450751830000,"dur":8000},{"pid":1,"tid":0,"id":55,"name":"task: transform","args":{"span_id":"55","project":"id: 1\nandroid_plugin_version: \"3.0.1\"\nandroid_plugin: APPLICATION\nplugin_generation: FIRST\nbuild_tools_version: \"26.0.2\"\ncompile_sdk: \"android-26\"\nsplits {\n}\n","variant":"id: 1\nis_debug: true\nminify_enabled: false\nuse_multidex: false\nuse_legacy_multidex: false\nvariant_type: APPLICATION\nmin_sdk_version {\n  api_level: 15\n}\ntarget_sdk_version {\n  api_level: 26\n}\ndex_builder: DX_DEXER\ndex_merger: DX_MERGER\n","task":"type: 65\ndid_work: false\nskipped: true\nup_to_date: true\nfailed: false\n"},"ph":"X","ts":1523450751838000,"dur":3000},{"pid":1,"tid":0,"id":56,"name":"task: ndk compile","args":{"span_id":"56","project":"id: 1\nandroid_plugin_version: \"3.0.1\"\nandroid_plugin: APPLICATION\nplugin_generation: FIRST\nbuild_tools_version: \"26.0.2\"\ncompile_sdk: \"android-26\"\nsplits {\n}\n","variant":"id: 1\nis_debug: true\nminify_enabled: false\nuse_multidex: false\nuse_legacy_multidex: false\nvariant_type: APPLICATION\nmin_sdk_version {\n  api_level: 15\n}\ntarget_sdk_version {\n  api_level: 26\n}\ndex_builder: DX_DEXER\ndex_merger: DX_MERGER\n","task":"type: 43\ndid_work: false\nskipped: true\nup_to_date: false\nfailed: false\n"},"ph":"X","ts":1523450751843000,"dur":100},{"pid":1,"tid":0,"id":57,"name":"task: merge source set folders","args":{"span_id":"57","project":"id: 1\nandroid_plugin_version: \"3.0.1\"\nandroid_plugin: APPLICATION\nplugin_generation: FIRST\nbuild_tools_version: \"26.0.2\"\ncompile_sdk: \"android-26\"\nsplits {\n}\n","variant":"id: 1\nis_debug: true\nminify_enabled: false\nuse_multidex: false\nuse_legacy_multidex: false\nvariant_type: APPLICATION\nmin_sdk_version {\n  api_level: 15\n}\ntarget_sdk_version {\n  api_level: 26\n}\ndex_builder: DX_DEXER\ndex_merger: DX_MERGER\n","task":"type: 41\ndid_work: false\nskipped: true\nup_to_date: true\nfailed: false\n"},"ph":"X","ts":1523450751844000,"dur":1000},{"pid":1,"tid":0,"id":58,"name":"task: transform","args":{"span_id":"58","project":"id: 1\nandroid_plugin_version: \"3.0.1\"\nandroid_plugin: APPLICATION\nplugin_generation: FIRST\nbuild_tools_version: \"26.0.2\"\ncompile_sdk: \"android-26\"\nsplits {\n}\n","variant":"id: 1\nis_debug: true\nminify_enabled: false\nuse_multidex: false\nuse_legacy_multidex: false\nvariant_type: APPLICATION\nmin_sdk_version {\n  api_level: 15\n}\ntarget_sdk_version {\n  api_level: 26\n}\ndex_builder: DX_DEXER\ndex_merger: DX_MERGER\n","task":"type: 65\ndid_work: false\nskipped: true\nup_to_date: true\nfailed: false\n"},"ph":"X","ts":1523450751846000,"dur":7000},{"pid":1,"tid":0,"id":59,"name":"task: unknown task type","args":{"span_id":"59","project":"id: 1\nandroid_plugin_version: \"3.0.1\"\nandroid_plugin: APPLICATION\nplugin_generation: FIRST\nbuild_tools_version: \"26.0.2\"\ncompile_sdk: \"android-26\"\nsplits {\n}\n","task":"type: 0\ndid_work: false\nskipped: true\nup_to_date: false\nfailed: false\n"},"ph":"X","ts":1523450751853000,"dur":100},{"pid":1,"tid":0,"id":60,"name":"task: transform","args":{"span_id":"60","project":"id: 1\nandroid_plugin_version: \"3.0.1\"\nandroid_plugin: APPLICATION\nplugin_generation: FIRST\nbuild_tools_version: \"26.0.2\"\ncompile_sdk: \"android-26\"\nsplits {\n}\n","variant":"id: 1\nis_debug: true\nminify_enabled: false\nuse_multidex: false\nuse_legacy_multidex: false\nvariant_type: APPLICATION\nmin_sdk_version {\n  api_level: 15\n}\ntarget_sdk_version {\n  api_level: 26\n}\ndex_builder: DX_DEXER\ndex_merger: DX_MERGER\n","task":"type: 65\ndid_work: false\nskipped: true\nup_to_date: true\nfailed: false\n"},"ph":"X","ts":1523450751854000,"dur":7000},{"pid":1,"tid":0,"id":61,"name":"task: transform","args":{"span_id":"61","project":"id: 1\nandroid_plugin_version: \"3.0.1\"\nandroid_plugin: APPLICATION\nplugin_generation: FIRST\nbuild_tools_version: \"26.0.2\"\ncompile_sdk: \"android-26\"\nsplits {\n}\n","variant":"id: 1\nis_debug: true\nminify_enabled: false\nuse_multidex: false\nuse_legacy_multidex: false\nvariant_type: APPLICATION\nmin_sdk_version {\n  api_level: 15\n}\ntarget_sdk_version {\n  api_level: 26\n}\ndex_builder: DX_DEXER\ndex_merger: DX_MERGER\n","task":"type: 65\ndid_work: false\nskipped: true\nup_to_date: true\nfailed: false\n"},"ph":"X","ts":1523450751861000,"dur":1000},{"pid":1,"tid":0,"id":62,"name":"task: transform","args":{"span_id":"62","project":"id: 1\nandroid_plugin_version: \"3.0.1\"\nandroid_plugin: APPLICATION\nplugin_generation: FIRST\nbuild_tools_version: \"26.0.2\"\ncompile_sdk: \"android-26\"\nsplits {\n}\n","variant":"id: 1\nis_debug: true\nminify_enabled: false\nuse_multidex: false\nuse_legacy_multidex: false\nvariant_type: APPLICATION\nmin_sdk_version {\n  api_level: 15\n}\ntarget_sdk_version {\n  api_level: 26\n}\ndex_builder: DX_DEXER\ndex_merger: DX_MERGER\n","task":"type: 65\ndid_work: false\nskipped: true\nup_to_date: true\nfailed: false\n"},"ph":"X","ts":1523450751862000,"dur":14000},{"pid":1,"tid":0,"id":63,"name":"task: transform","args":{"span_id":"63","project":"id: 1\nandroid_plugin_version: \"3.0.1\"\nandroid_plugin: APPLICATION\nplugin_generation: FIRST\nbuild_tools_version: \"26.0.2\"\ncompile_sdk: \"android-26\"\nsplits {\n}\n","variant":"id: 1\nis_debug: true\nminify_enabled: false\nuse_multidex: false\nuse_legacy_multidex: false\nvariant_type: APPLICATION\nmin_sdk_version {\n  api_level: 15\n}\ntarget_sdk_version {\n  api_level: 26\n}\ndex_builder: DX_DEXER\ndex_merger: DX_MERGER\n","task":"type: 65\ndid_work: false\nskipped: true\nup_to_date: true\nfailed: false\n"},"ph":"X","ts":1523450751877000,"dur":1000},{"pid":1,"tid":0,"id":64,"name":"task: unknown task type","args":{"span_id":"64","project":"id: 1\nandroid_plugin_version: \"3.0.1\"\nandroid_plugin: APPLICATION\nplugin_generation: FIRST\nbuild_tools_version: \"26.0.2\"\ncompile_sdk: \"android-26\"\nsplits {\n}\n","task":"type: 0\ndid_work: false\nskipped: true\nup_to_date: true\nfailed: false\n"},"ph":"X","ts":1523450751878000,"dur":100},{"pid":1,"tid":0,"id":65,"name":"task: pre cold swap","args":{"span_id":"65","project":"id: 1\nandroid_plugin_version: \"3.0.1\"\nandroid_plugin: APPLICATION\nplugin_generation: FIRST\nbuild_tools_version: \"26.0.2\"\ncompile_sdk: \"android-26\"\nsplits {\n}\n","variant":"id: 1\nis_debug: true\nminify_enabled: false\nuse_multidex: false\nuse_legacy_multidex: false\nvariant_type: APPLICATION\nmin_sdk_version {\n  api_level: 15\n}\ntarget_sdk_version {\n  api_level: 26\n}\ndex_builder: DX_DEXER\ndex_merger: DX_MERGER\n","task":"type: 48\ndid_work: true\nskipped: false\nup_to_date: false\nfailed: false\n"},"ph":"X","ts":1523450751878000,"dur":1000},{"pid":1,"tid":0,"id":66,"name":"task: fast deploy runtime extractor","args":{"span_id":"66","project":"id: 1\nandroid_plugin_version: \"3.0.1\"\nandroid_plugin: APPLICATION\nplugin_generation: FIRST\nbuild_tools_version: \"26.0.2\"\ncompile_sdk: \"android-26\"\nsplits {\n}\n","variant":"id: 1\nis_debug: true\nminify_enabled: false\nuse_multidex: false\nuse_legacy_multidex: false\nvariant_type: APPLICATION\nmin_sdk_version {\n  api_level: 15\n}\ntarget_sdk_version {\n  api_level: 26\n}\ndex_builder: DX_DEXER\ndex_merger: DX_MERGER\n","task":"type: 21\ndid_work: false\nskipped: true\nup_to_date: true\nfailed: false\n"},"ph":"X","ts":1523450751879000,"dur":1000},{"pid":1,"tid":0,"id":67,"name":"task: generate instant run app info","args":{"span_id":"67","project":"id: 1\nandroid_plugin_version: \"3.0.1\"\nandroid_plugin: APPLICATION\nplugin_generation: FIRST\nbuild_tools_version: \"26.0.2\"\ncompile_sdk: \"android-26\"\nsplits {\n}\n","variant":"id: 1\nis_debug: true\nminify_enabled: false\nuse_multidex: false\nuse_legacy_multidex: false\nvariant_type: APPLICATION\nmin_sdk_version {\n  api_level: 15\n}\ntarget_sdk_version {\n  api_level: 26\n}\ndex_builder: DX_DEXER\ndex_merger: DX_MERGER\n","task":"type: 25\ndid_work: false\nskipped: true\nup_to_date: true\nfailed: false\n"},"ph":"X","ts":1523450751880000,"dur":2000},{"pid":1,"tid":0,"id":68,"name":"task: transform","args":{"span_id":"68","project":"id: 1\nandroid_plugin_version: \"3.0.1\"\nandroid_plugin: APPLICATION\nplugin_generation: FIRST\nbuild_tools_version: \"26.0.2\"\ncompile_sdk: \"android-26\"\nsplits {\n}\n","variant":"id: 1\nis_debug: true\nminify_enabled: false\nuse_multidex: false\nuse_legacy_multidex: false\nvariant_type: APPLICATION\nmin_sdk_version {\n  api_level: 15\n}\ntarget_sdk_version {\n  api_level: 26\n}\ndex_builder: DX_DEXER\ndex_merger: DX_MERGER\n","task":"type: 65\ndid_work: false\nskipped: true\nup_to_date: true\nfailed: false\n"},"ph":"X","ts":1523450751883000,"dur":10000},{"pid":1,"tid":0,"id":69,"name":"task: transform","args":{"span_id":"69","project":"id: 1\nandroid_plugin_version: \"3.0.1\"\nandroid_plugin: APPLICATION\nplugin_generation: FIRST\nbuild_tools_version: \"26.0.2\"\ncompile_sdk: \"android-26\"\nsplits {\n}\n","variant":"id: 1\nis_debug: true\nminify_enabled: false\nuse_multidex: false\nuse_legacy_multidex: false\nvariant_type: APPLICATION\nmin_sdk_version {\n  api_level: 15\n}\ntarget_sdk_version {\n  api_level: 26\n}\ndex_builder: DX_DEXER\ndex_merger: DX_MERGER\n","task":"type: 65\ndid_work: false\nskipped: true\nup_to_date: true\nfailed: false\n"},"ph":"X","ts":1523450751894000,"dur":16000},{"pid":1,"tid":0,"id":70,"name":"task: transform","args":{"span_id":"70","project":"id: 1\nandroid_plugin_version: \"3.0.1\"\nandroid_plugin: APPLICATION\nplugin_generation: FIRST\nbuild_tools_version: \"26.0.2\"\ncompile_sdk: \"android-26\"\nsplits {\n}\n","variant":"id: 1\nis_debug: true\nminify_enabled: false\nuse_multidex: false\nuse_legacy_multidex: false\nvariant_type: APPLICATION\nmin_sdk_version {\n  api_level: 15\n}\ntarget_sdk_version {\n  api_level: 26\n}\ndex_builder: DX_DEXER\ndex_merger: DX_MERGER\n","task":"type: 65\ndid_work: false\nskipped: true\nup_to_date: true\nfailed: false\n"},"ph":"X","ts":1523450751911000,"dur":7000},{"pid":1,"tid":0,"id":71,"name":"task: transform","args":{"span_id":"71","project":"id: 1\nandroid_plugin_version: \"3.0.1\"\nandroid_plugin: APPLICATION\nplugin_generation: FIRST\nbuild_tools_version: \"26.0.2\"\ncompile_sdk: \"android-26\"\nsplits {\n}\n","variant":"id: 1\nis_debug: true\nminify_enabled: false\nuse_multidex: false\nuse_legacy_multidex: false\nvariant_type: APPLICATION\nmin_sdk_version {\n  api_level: 15\n}\ntarget_sdk_version {\n  api_level: 26\n}\ndex_builder: DX_DEXER\ndex_merger: DX_MERGER\n","task":"type: 65\ndid_work: false\nskipped: true\nup_to_date: true\nfailed: false\n"},"ph":"X","ts":1523450751919000,"dur":8000},{"pid":1,"tid":0,"id":72,"name":"task: validate signing","args":{"span_id":"72","project":"id: 1\nandroid_plugin_version: \"3.0.1\"\nandroid_plugin: APPLICATION\nplugin_generation: FIRST\nbuild_tools_version: \"26.0.2\"\ncompile_sdk: \"android-26\"\nsplits {\n}\n","variant":"id: 1\nis_debug: true\nminify_enabled: false\nuse_multidex: false\nuse_legacy_multidex: false\nvariant_type: APPLICATION\nmin_sdk_version {\n  api_level: 15\n}\ntarget_sdk_version {\n  api_level: 26\n}\ndex_builder: DX_DEXER\ndex_merger: DX_MERGER\n","task":"type: 67\ndid_work: true\nskipped: false\nup_to_date: false\nfailed: false\n"},"ph":"X","ts":1523450751927000,"dur":100},{"pid":1,"tid":0,"id":73,"name":"task: transform","args":{"span_id":"73","project":"id: 1\nandroid_plugin_version: \"3.0.1\"\nandroid_plugin: APPLICATION\nplugin_generation: FIRST\nbuild_tools_version: \"26.0.2\"\ncompile_sdk: \"android-26\"\nsplits {\n}\n","variant":"id: 1\nis_debug: true\nminify_enabled: false\nuse_multidex: false\nuse_legacy_multidex: false\nvariant_type: APPLICATION\nmin_sdk_version {\n  api_level: 15\n}\ntarget_sdk_version {\n  api_level: 26\n}\ndex_builder: DX_DEXER\ndex_merger: DX_MERGER\n","task":"type: 65\ndid_work: false\nskipped: true\nup_to_date: true\nfailed: false\n"},"ph":"X","ts":1523450751928000,"dur":2000},{"pid":1,"tid":0,"id":74,"name":"task: transform","args":{"span_id":"74","project":"id: 1\nandroid_plugin_version: \"3.0.1\"\nandroid_plugin: APPLICATION\nplugin_generation: FIRST\nbuild_tools_version: \"26.0.2\"\ncompile_sdk: \"android-26\"\nsplits {\n}\n","variant":"id: 1\nis_debug: true\nminify_enabled: false\nuse_multidex: false\nuse_legacy_multidex: false\nvariant_type: APPLICATION\nmin_sdk_version {\n  api_level: 15\n}\ntarget_sdk_version {\n  api_level: 26\n}\ndex_builder: DX_DEXER\ndex_merger: DX_MERGER\n","task":"type: 65\ndid_work: false\nskipped: true\nup_to_date: true\nfailed: false\n"},"ph":"X","ts":1523450751930000,"dur":2000},{"pid":1,"tid":0,"id":75,"name":"task: package application","args":{"span_id":"75","project":"id: 1\nandroid_plugin_version: \"3.0.1\"\nandroid_plugin: APPLICATION\nplugin_generation: FIRST\nbuild_tools_version: \"26.0.2\"\ncompile_sdk: \"android-26\"\nsplits {\n}\n","variant":"id: 1\nis_debug: true\nminify_enabled: false\nuse_multidex: false\nuse_legacy_multidex: false\nvariant_type: APPLICATION\nmin_sdk_version {\n  api_level: 15\n}\ntarget_sdk_version {\n  api_level: 26\n}\ndex_builder: DX_DEXER\ndex_merger: DX_MERGER\n","task":"type: 45\ndid_work: false\nskipped: true\nup_to_date: true\nfailed: false\n"},"ph":"X","ts":1523450751933000,"dur":6000},{"pid":1,"tid":0,"id":76,"name":"task: build info writer","args":{"span_id":"76","project":"id: 1\nandroid_plugin_version: \"3.0.1\"\nandroid_plugin: APPLICATION\nplugin_generation: FIRST\nbuild_tools_version: \"26.0.2\"\ncompile_sdk: \"android-26\"\nsplits {\n}\n","variant":"id: 1\nis_debug: true\nminify_enabled: false\nuse_multidex: false\nuse_legacy_multidex: false\nvariant_type: APPLICATION\nmin_sdk_version {\n  api_level: 15\n}\ntarget_sdk_version {\n  api_level: 26\n}\ndex_builder: DX_DEXER\ndex_merger: DX_MERGER\n","task":"type: 70\ndid_work: true\nskipped: false\nup_to_date: false\nfailed: false\n"},"ph":"X","ts":1523450751939000,"dur":2000},{"pid":1,"tid":0,"id":77,"name":"task: unknown task type","args":{"span_id":"77","project":"id: 1\nandroid_plugin_version: \"3.0.1\"\nandroid_plugin: APPLICATION\nplugin_generation: FIRST\nbuild_tools_version: \"26.0.2\"\ncompile_sdk: \"android-26\"\nsplits {\n}\n","task":"type: 0\ndid_work: false\nskipped: true\nup_to_date: true\nfailed: false\n"},"ph":"X","ts":1523450751942000,"dur":100},{"pid":1,"tid":0,"id":78,"name":"task: unknown task type","args":{"span_id":"78","project":"id: 1\nandroid_plugin_version: \"3.0.1\"\nandroid_plugin: APPLICATION\nplugin_generation: FIRST\nbuild_tools_version: \"26.0.2\"\ncompile_sdk: \"android-26\"\nsplits {\n}\n","task":"type: 0\ndid_work: false\nskipped: false\nup_to_date: false\nfailed: false\n"},"ph":"X","ts":1523450751942000,"dur":100},{"pid":1,"tid":8,"id":79,"name":"base plugin build finished","args":{"span_id":"79","project":"id: 1\nandroid_plugin_version: \"3.0.1\"\nandroid_plugin: APPLICATION\nplugin_generation: FIRST\nbuild_tools_version: \"26.0.2\"\ncompile_sdk: \"android-26\"\nsplits {\n}\n"},"ph":"X","ts":1523450751950000,"dur":100}]