[{"pid":0,"ph":"i","name":"Memory sample","ts":1523880600063000,"args":{"JVM stats":"heap_memory_usage: 23884264\nnon_heap_memory_usage: 54446400\nloaded_class_count: 7543\nthread_count: 24\ngarbage_collection_stats {\n  name: \"PS Scavenge\"\n  gc_collections: 6\n  gc_time: 48\n}\ngarbage_collection_stats {\n  name: \"PS MarkSweep\"\n  gc_collections: 2\n  gc_time: 65\n}\n"}},{"pid":0,"ph":"i","name":"Memory sample","ts":1523880602366000,"args":{"JVM stats":"heap_memory_usage: 167946872\nnon_heap_memory_usage: 79463288\nloaded_class_count: 10646\nthread_count: 34\ngarbage_collection_stats {\n  name: \"PS Scavenge\"\n  gc_collections: 1\n  gc_time: 13\n}\ngarbage_collection_stats {\n  name: \"PS MarkSweep\"\n  gc_collections: 0\n  gc_time: 0\n}\n"}},{"pid":0,"ph":"i","name":"Memory sample","ts":1523880602370000,"args":{"JVM stats":"heap_memory_usage: 167946872\nnon_heap_memory_usage: 79488848\nloaded_class_count: 10651\nthread_count: 34\ngarbage_collection_stats {\n  name: \"PS Scavenge\"\n  gc_collections: 0\n  gc_time: 0\n}\ngarbage_collection_stats {\n  name: \"PS MarkSweep\"\n  gc_collections: 0\n  gc_time: 0\n}\n"}},{"pid":0,"ph":"i","name":"Memory sample","ts":1523880602714000,"args":{"JVM stats":"heap_memory_usage: 62999040\nnon_heap_memory_usage: 80268208\nloaded_class_count: 10831\nthread_count: 34\ngarbage_collection_stats {\n  name: \"PS Scavenge\"\n  gc_collections: 1\n  gc_time: 18\n}\ngarbage_collection_stats {\n  name: \"PS MarkSweep\"\n  gc_collections: 0\n  gc_time: 0\n}\n"}},{"pid":0,"ph":"i","name":"Memory sample","ts":1523880602730000,"args":{"JVM stats":"heap_memory_usage: 65347848\nnon_heap_memory_usage: 80337288\nloaded_class_count: 10837\nthread_count: 34\ngarbage_collection_stats {\n  name: \"PS Scavenge\"\n  gc_collections: 0\n  gc_time: 0\n}\ngarbage_collection_stats {\n  name: \"PS MarkSweep\"\n  gc_collections: 0\n  gc_time: 0\n}\n"}},{"pid":0,"ph":"i","name":"Memory sample","ts":1523880602744000,"args":{"JVM stats":"heap_memory_usage: 66267264\nnon_heap_memory_usage: 80388208\nloaded_class_count: 10841\nthread_count: 34\ngarbage_collection_stats {\n  name: \"PS Scavenge\"\n  gc_collections: 0\n  gc_time: 0\n}\ngarbage_collection_stats {\n  name: \"PS MarkSweep\"\n  gc_collections: 0\n  gc_time: 0\n}\n"}},{"pid":0,"ph":"i","name":"Memory sample","ts":1523880602747000,"args":{"JVM stats":"heap_memory_usage: 66896904\nnon_heap_memory_usage: 80434184\nloaded_class_count: 10842\nthread_count: 34\ngarbage_collection_stats {\n  name: \"PS Scavenge\"\n  gc_collections: 0\n  gc_time: 0\n}\ngarbage_collection_stats {\n  name: \"PS MarkSweep\"\n  gc_collections: 0\n  gc_time: 0\n}\n"}},{"pid":0,"ph":"i","name":"Memory sample","ts":1523880602751000,"args":{"JVM stats":"heap_memory_usage: 66896904\nnon_heap_memory_usage: 80452072\nloaded_class_count: 10843\nthread_count: 34\ngarbage_collection_stats {\n  name: \"PS Scavenge\"\n  gc_collections: 0\n  gc_time: 0\n}\ngarbage_collection_stats {\n  name: \"PS MarkSweep\"\n  gc_collections: 0\n  gc_time: 0\n}\n"}},{"pid":0,"ph":"i","name":"Memory sample","ts":1523880602754000,"args":{"JVM stats":"heap_memory_usage: 66896904\nnon_heap_memory_usage: 80465472\nloaded_class_count: 10844\nthread_count: 34\ngarbage_collection_stats {\n  name: \"PS Scavenge\"\n  gc_collections: 0\n  gc_time: 0\n}\ngarbage_collection_stats {\n  name: \"PS MarkSweep\"\n  gc_collections: 0\n  gc_time: 0\n}\n"}},{"pid":0,"ph":"i","name":"Memory sample","ts":1523880602756000,"args":{"JVM stats":"heap_memory_usage: 67366664\nnon_heap_memory_usage: 80466592\nloaded_class_count: 10844\nthread_count: 34\ngarbage_collection_stats {\n  name: \"PS Scavenge\"\n  gc_collections: 0\n  gc_time: 0\n}\ngarbage_collection_stats {\n  name: \"PS MarkSweep\"\n  gc_collections: 0\n  gc_time: 0\n}\n"}},{"pid":0,"ph":"i","name":"Memory sample","ts":1523880602757000,"args":{"JVM stats":"heap_memory_usage: 67366664\nnon_heap_memory_usage: 80467248\nloaded_class_count: 10844\nthread_count: 34\ngarbage_collection_stats {\n  name: \"PS Scavenge\"\n  gc_collections: 0\n  gc_time: 0\n}\ngarbage_collection_stats {\n  name: \"PS MarkSweep\"\n  gc_collections: 0\n  gc_time: 0\n}\n"}},{"pid":0,"ph":"i","name":"Memory sample","ts":1523880602892000,"args":{"JVM stats":"heap_memory_usage: 83087136\nnon_heap_memory_usage: 80749872\nloaded_class_count: 10846\nthread_count: 34\ngarbage_collection_stats {\n  name: \"PS Scavenge\"\n  gc_collections: 0\n  gc_time: 0\n}\ngarbage_collection_stats {\n  name: \"PS MarkSweep\"\n  gc_collections: 0\n  gc_time: 0\n}\n"}},{"pid":0,"ph":"i","name":"Memory sample","ts":1523880602897000,"args":{"JVM stats":"heap_memory_usage: 83087136\nnon_heap_memory_usage: 80778864\nloaded_class_count: 10851\nthread_count: 34\ngarbage_collection_stats {\n  name: \"PS Scavenge\"\n  gc_collections: 0\n  gc_time: 0\n}\ngarbage_collection_stats {\n  name: \"PS MarkSweep\"\n  gc_collections: 0\n  gc_time: 0\n}\n"}},{"pid":0,"ph":"i","name":"Memory sample","ts":1523880603083000,"args":{"JVM stats":"heap_memory_usage: 98279848\nnon_heap_memory_usage: 82980712\nloaded_class_count: 11052\nthread_count: 34\ngarbage_collection_stats {\n  name: \"PS Scavenge\"\n  gc_collections: 0\n  gc_time: 0\n}\ngarbage_collection_stats {\n  name: \"PS MarkSweep\"\n  gc_collections: 0\n  gc_time: 0\n}\n"}},{"pid":0,"ph":"i","name":"Memory sample","ts":1523880603092000,"args":{"JVM stats":"heap_memory_usage: 98969768\nnon_heap_memory_usage: 82979144\nloaded_class_count: 11053\nthread_count: 34\ngarbage_collection_stats {\n  name: \"PS Scavenge\"\n  gc_collections: 0\n  gc_time: 0\n}\ngarbage_collection_stats {\n  name: \"PS MarkSweep\"\n  gc_collections: 0\n  gc_time: 0\n}\n"}},{"pid":0,"ph":"i","name":"Memory sample","ts":1523880603989000,"args":{"JVM stats":"heap_memory_usage: 134882264\nnon_heap_memory_usage: 84616432\nloaded_class_count: 11228\nthread_count: 43\ngarbage_collection_stats {\n  name: \"PS Scavenge\"\n  gc_collections: 0\n  gc_time: 0\n}\ngarbage_collection_stats {\n  name: \"PS MarkSweep\"\n  gc_collections: 0\n  gc_time: 0\n}\n"}},{"pid":0,"ph":"i","name":"Memory sample","ts":1523880603990000,"args":{"JVM stats":"heap_memory_usage: 134882264\nnon_heap_memory_usage: 84619688\nloaded_class_count: 11228\nthread_count: 43\ngarbage_collection_stats {\n  name: \"PS Scavenge\"\n  gc_collections: 0\n  gc_time: 0\n}\ngarbage_collection_stats {\n  name: \"PS MarkSweep\"\n  gc_collections: 0\n  gc_time: 0\n}\n"}},{"pid":0,"ph":"i","name":"Memory sample","ts":1523880604018000,"args":{"JVM stats":"heap_memory_usage: 136351392\nnon_heap_memory_usage: 84821992\nloaded_class_count: 11231\nthread_count: 43\ngarbage_collection_stats {\n  name: \"PS Scavenge\"\n  gc_collections: 0\n  gc_time: 0\n}\ngarbage_collection_stats {\n  name: \"PS MarkSweep\"\n  gc_collections: 0\n  gc_time: 0\n}\n"}},{"pid":0,"ph":"i","name":"Memory sample","ts":1523880604064000,"args":{"JVM stats":"heap_memory_usage: 145008000\nnon_heap_memory_usage: 85084016\nloaded_class_count: 11234\nthread_count: 43\ngarbage_collection_stats {\n  name: \"PS Scavenge\"\n  gc_collections: 0\n  gc_time: 0\n}\ngarbage_collection_stats {\n  name: \"PS MarkSweep\"\n  gc_collections: 0\n  gc_time: 0\n}\n"}},{"pid":0,"ph":"i","name":"Memory sample","ts":1523880604068000,"args":{"JVM stats":"heap_memory_usage: 145008000\nnon_heap_memory_usage: 85108440\nloaded_class_count: 11234\nthread_count: 43\ngarbage_collection_stats {\n  name: \"PS Scavenge\"\n  gc_collections: 0\n  gc_time: 0\n}\ngarbage_collection_stats {\n  name: \"PS MarkSweep\"\n  gc_collections: 0\n  gc_time: 0\n}\n"}},{"pid":0,"ph":"i","name":"Memory sample","ts":1523880604072000,"args":{"JVM stats":"heap_memory_usage: 145008000\nnon_heap_memory_usage: 85151720\nloaded_class_count: 11235\nthread_count: 43\ngarbage_collection_stats {\n  name: \"PS Scavenge\"\n  gc_collections: 0\n  gc_time: 0\n}\ngarbage_collection_stats {\n  name: \"PS MarkSweep\"\n  gc_collections: 0\n  gc_time: 0\n}\n"}},{"pid":0,"ph":"i","name":"Memory sample","ts":1523880604072001,"args":{"JVM stats":"heap_memory_usage: 145008000\nnon_heap_memory_usage: 85165280\nloaded_class_count: 11235\nthread_count: 43\ngarbage_collection_stats {\n  name: \"PS Scavenge\"\n  gc_collections: 0\n  gc_time: 0\n}\ngarbage_collection_stats {\n  name: \"PS MarkSweep\"\n  gc_collections: 0\n  gc_time: 0\n}\n"}},{"pid":0,"ph":"i","name":"Memory sample","ts":1523880604082000,"args":{"JVM stats":"heap_memory_usage: 147105912\nnon_heap_memory_usage: 85213104\nloaded_class_count: 11235\nthread_count: 43\ngarbage_collection_stats {\n  name: \"PS Scavenge\"\n  gc_collections: 0\n  gc_time: 0\n}\ngarbage_collection_stats {\n  name: \"PS MarkSweep\"\n  gc_collections: 0\n  gc_time: 0\n}\n"}},{"pid":0,"ph":"i","name":"Memory sample","ts":1523880604090000,"args":{"JVM stats":"heap_memory_usage: 147105912\nnon_heap_memory_usage: 85288928\nloaded_class_count: 11237\nthread_count: 43\ngarbage_collection_stats {\n  name: \"PS Scavenge\"\n  gc_collections: 0\n  gc_time: 0\n}\ngarbage_collection_stats {\n  name: \"PS MarkSweep\"\n  gc_collections: 0\n  gc_time: 0\n}\n"}},{"pid":0,"ph":"i","name":"Memory sample","ts":1523880604098000,"args":{"JVM stats":"heap_memory_usage: 147575696\nnon_heap_memory_usage: 85333344\nloaded_class_count: 11241\nthread_count: 43\ngarbage_collection_stats {\n  name: \"PS Scavenge\"\n  gc_collections: 0\n  gc_time: 0\n}\ngarbage_collection_stats {\n  name: \"PS MarkSweep\"\n  gc_collections: 0\n  gc_time: 0\n}\n"}},{"pid":0,"ph":"i","name":"Memory sample","ts":1523880604102000,"args":{"JVM stats":"heap_memory_usage: 147575696\nnon_heap_memory_usage: 85390304\nloaded_class_count: 11244\nthread_count: 43\ngarbage_collection_stats {\n  name: \"PS Scavenge\"\n  gc_collections: 0\n  gc_time: 0\n}\ngarbage_collection_stats {\n  name: \"PS MarkSweep\"\n  gc_collections: 0\n  gc_time: 0\n}\n"}},{"pid":0,"ph":"i","name":"Memory sample","ts":1523880604135000,"args":{"JVM stats":"heap_memory_usage: 151009200\nnon_heap_memory_usage: 85470048\nloaded_class_count: 11245\nthread_count: 42\ngarbage_collection_stats {\n  name: \"PS Scavenge\"\n  gc_collections: 0\n  gc_time: 0\n}\ngarbage_collection_stats {\n  name: \"PS MarkSweep\"\n  gc_collections: 0\n  gc_time: 0\n}\n"}},{"pid":0,"ph":"i","name":"Memory sample","ts":1523880604146000,"args":{"JVM stats":"heap_memory_usage: 153196232\nnon_heap_memory_usage: 85564608\nloaded_class_count: 11247\nthread_count: 42\ngarbage_collection_stats {\n  name: \"PS Scavenge\"\n  gc_collections: 0\n  gc_time: 0\n}\ngarbage_collection_stats {\n  name: \"PS MarkSweep\"\n  gc_collections: 0\n  gc_time: 0\n}\n"}},{"pid":0,"ph":"i","name":"Memory sample","ts":1523880604148000,"args":{"JVM stats":"heap_memory_usage: 153196232\nnon_heap_memory_usage: 85635056\nloaded_class_count: 11248\nthread_count: 42\ngarbage_collection_stats {\n  name: \"PS Scavenge\"\n  gc_collections: 0\n  gc_time: 0\n}\ngarbage_collection_stats {\n  name: \"PS MarkSweep\"\n  gc_collections: 0\n  gc_time: 0\n}\n"}},{"pid":0,"ph":"i","name":"Memory sample","ts":1523880604154000,"args":{"JVM stats":"heap_memory_usage: 153196232\nnon_heap_memory_usage: 85685200\nloaded_class_count: 11249\nthread_count: 42\ngarbage_collection_stats {\n  name: \"PS Scavenge\"\n  gc_collections: 0\n  gc_time: 0\n}\ngarbage_collection_stats {\n  name: \"PS MarkSweep\"\n  gc_collections: 0\n  gc_time: 0\n}\n"}},{"pid":0,"ph":"i","name":"Memory sample","ts":1523880604176000,"args":{"JVM stats":"heap_memory_usage: 156063560\nnon_heap_memory_usage: 85872968\nloaded_class_count: 11250\nthread_count: 42\ngarbage_collection_stats {\n  name: \"PS Scavenge\"\n  gc_collections: 0\n  gc_time: 0\n}\ngarbage_collection_stats {\n  name: \"PS MarkSweep\"\n  gc_collections: 0\n  gc_time: 0\n}\n"}},{"pid":0,"ph":"i","name":"Memory sample","ts":1523880604178000,"args":{"JVM stats":"heap_memory_usage: 156063560\nnon_heap_memory_usage: 85878088\nloaded_class_count: 11250\nthread_count: 42\ngarbage_collection_stats {\n  name: \"PS Scavenge\"\n  gc_collections: 0\n  gc_time: 0\n}\ngarbage_collection_stats {\n  name: \"PS MarkSweep\"\n  gc_collections: 0\n  gc_time: 0\n}\n"}},{"pid":0,"ph":"i","name":"Memory sample","ts":1523880604196000,"args":{"JVM stats":"heap_memory_usage: 160182744\nnon_heap_memory_usage: 86048320\nloaded_class_count: 11250\nthread_count: 42\ngarbage_collection_stats {\n  name: \"PS Scavenge\"\n  gc_collections: 0\n  gc_time: 0\n}\ngarbage_collection_stats {\n  name: \"PS MarkSweep\"\n  gc_collections: 0\n  gc_time: 0\n}\n"}},{"pid":0,"ph":"i","name":"Memory sample","ts":1523880604199000,"args":{"JVM stats":"heap_memory_usage: 160182744\nnon_heap_memory_usage: 86074168\nloaded_class_count: 11250\nthread_count: 42\ngarbage_collection_stats {\n  name: \"PS Scavenge\"\n  gc_collections: 0\n  gc_time: 0\n}\ngarbage_collection_stats {\n  name: \"PS MarkSweep\"\n  gc_collections: 0\n  gc_time: 0\n}\n"}},{"pid":0,"ph":"i","name":"Memory sample","ts":1523880604536000,"args":{"JVM stats":"heap_memory_usage: 210469888\nnon_heap_memory_usage: 87708624\nloaded_class_count: 11418\nthread_count: 50\ngarbage_collection_stats {\n  name: \"PS Scavenge\"\n  gc_collections: 0\n  gc_time: 0\n}\ngarbage_collection_stats {\n  name: \"PS MarkSweep\"\n  gc_collections: 0\n  gc_time: 0\n}\n"}},{"pid":0,"ph":"i","name":"Memory sample","ts":1523880604548000,"args":{"JVM stats":"heap_memory_usage: 211442192\nnon_heap_memory_usage: 87804208\nloaded_class_count: 11428\nthread_count: 50\ngarbage_collection_stats {\n  name: \"PS Scavenge\"\n  gc_collections: 0\n  gc_time: 0\n}\ngarbage_collection_stats {\n  name: \"PS MarkSweep\"\n  gc_collections: 0\n  gc_time: 0\n}\n"}},{"pid":0,"ph":"i","name":"Memory sample","ts":1523880604549000,"args":{"JVM stats":"heap_memory_usage: 211948848\nnon_heap_memory_usage: 87804208\nloaded_class_count: 11428\nthread_count: 50\ngarbage_collection_stats {\n  name: \"PS Scavenge\"\n  gc_collections: 0\n  gc_time: 0\n}\ngarbage_collection_stats {\n  name: \"PS MarkSweep\"\n  gc_collections: 0\n  gc_time: 0\n}\n"}},{"pid":0,"ph":"i","name":"Memory sample","ts":1523880604550000,"args":{"JVM stats":"heap_memory_usage: 211948848\nnon_heap_memory_usage: 87810440\nloaded_class_count: 11429\nthread_count: 50\ngarbage_collection_stats {\n  name: \"PS Scavenge\"\n  gc_collections: 0\n  gc_time: 0\n}\ngarbage_collection_stats {\n  name: \"PS MarkSweep\"\n  gc_collections: 0\n  gc_time: 0\n}\n"}},{"pid":0,"ph":"i","name":"Memory sample","ts":1523880604552000,"args":{"JVM stats":"heap_memory_usage: 211948848\nnon_heap_memory_usage: 87818928\nloaded_class_count: 11429\nthread_count: 50\ngarbage_collection_stats {\n  name: \"PS Scavenge\"\n  gc_collections: 0\n  gc_time: 0\n}\ngarbage_collection_stats {\n  name: \"PS MarkSweep\"\n  gc_collections: 0\n  gc_time: 0\n}\n"}},{"pid":0,"ph":"i","name":"Memory sample","ts":1523880604555000,"args":{"JVM stats":"heap_memory_usage: 211948848\nnon_heap_memory_usage: 87827440\nloaded_class_count: 11429\nthread_count: 50\ngarbage_collection_stats {\n  name: \"PS Scavenge\"\n  gc_collections: 0\n  gc_time: 0\n}\ngarbage_collection_stats {\n  name: \"PS MarkSweep\"\n  gc_collections: 0\n  gc_time: 0\n}\n"}},{"pid":0,"ph":"i","name":"Memory sample","ts":1523880604624000,"args":{"JVM stats":"heap_memory_usage: 217663456\nnon_heap_memory_usage: 88106104\nloaded_class_count: 11434\nthread_count: 50\ngarbage_collection_stats {\n  name: \"PS Scavenge\"\n  gc_collections: 0\n  gc_time: 0\n}\ngarbage_collection_stats {\n  name: \"PS MarkSweep\"\n  gc_collections: 0\n  gc_time: 0\n}\n"}},{"pid":0,"ph":"i","name":"Memory sample","ts":1523880606230000,"args":{"JVM stats":"heap_memory_usage: 131722064\nnon_heap_memory_usage: 95432512\nloaded_class_count: 11823\nthread_count: 50\ngarbage_collection_stats {\n  name: \"PS Scavenge\"\n  gc_collections: 2\n  gc_time: 28\n}\ngarbage_collection_stats {\n  name: \"PS MarkSweep\"\n  gc_collections: 1\n  gc_time: 175\n}\n"}},{"pid":0,"ph":"i","name":"Memory sample","ts":1523880606252000,"args":{"JVM stats":"heap_memory_usage: 138853320\nnon_heap_memory_usage: 95515152\nloaded_class_count: 11829\nthread_count: 50\ngarbage_collection_stats {\n  name: \"PS Scavenge\"\n  gc_collections: 0\n  gc_time: 0\n}\ngarbage_collection_stats {\n  name: \"PS MarkSweep\"\n  gc_collections: 0\n  gc_time: 0\n}\n"}},{"pid":0,"ph":"i","name":"Memory sample","ts":1523880606441000,"args":{"JVM stats":"heap_memory_usage: 169445304\nnon_heap_memory_usage: 97258288\nloaded_class_count: 11971\nthread_count: 50\ngarbage_collection_stats {\n  name: \"PS Scavenge\"\n  gc_collections: 0\n  gc_time: 0\n}\ngarbage_collection_stats {\n  name: \"PS MarkSweep\"\n  gc_collections: 0\n  gc_time: 0\n}\n"}},{"pid":0,"ph":"i","name":"Memory sample","ts":1523880606453000,"args":{"JVM stats":"heap_memory_usage: 169742272\nnon_heap_memory_usage: 97390184\nloaded_class_count: 11998\nthread_count: 50\ngarbage_collection_stats {\n  name: \"PS Scavenge\"\n  gc_collections: 0\n  gc_time: 0\n}\ngarbage_collection_stats {\n  name: \"PS MarkSweep\"\n  gc_collections: 0\n  gc_time: 0\n}\n"}},{"pid":0,"ph":"i","name":"Memory sample","ts":1523880606463000,"args":{"JVM stats":"heap_memory_usage: 170497280\nnon_heap_memory_usage: 97419088\nloaded_class_count: 11999\nthread_count: 50\ngarbage_collection_stats {\n  name: \"PS Scavenge\"\n  gc_collections: 0\n  gc_time: 0\n}\ngarbage_collection_stats {\n  name: \"PS MarkSweep\"\n  gc_collections: 0\n  gc_time: 0\n}\n"}},{"pid":0,"ph":"i","name":"Memory sample","ts":1523880606774000,"args":{"JVM stats":"heap_memory_usage: 208760456\nnon_heap_memory_usage: 99334672\nloaded_class_count: 12387\nthread_count: 54\ngarbage_collection_stats {\n  name: \"PS Scavenge\"\n  gc_collections: 0\n  gc_time: 0\n}\ngarbage_collection_stats {\n  name: \"PS MarkSweep\"\n  gc_collections: 0\n  gc_time: 0\n}\n"}},{"pid":0,"ph":"i","name":"Memory sample","ts":1523880606786000,"args":{"JVM stats":"heap_memory_usage: 209335320\nnon_heap_memory_usage: 99334208\nloaded_class_count: 12388\nthread_count: 54\ngarbage_collection_stats {\n  name: \"PS Scavenge\"\n  gc_collections: 0\n  gc_time: 0\n}\ngarbage_collection_stats {\n  name: \"PS MarkSweep\"\n  gc_collections: 0\n  gc_time: 0\n}\n"}},{"pid":0,"ph":"i","name":"Memory sample","ts":1523880606801000,"args":{"JVM stats":"heap_memory_usage: 210097680\nnon_heap_memory_usage: 98439552\nloaded_class_count: 12405\nthread_count: 54\ngarbage_collection_stats {\n  name: \"PS Scavenge\"\n  gc_collections: 0\n  gc_time: 0\n}\ngarbage_collection_stats {\n  name: \"PS MarkSweep\"\n  gc_collections: 0\n  gc_time: 0\n}\n"}},{"pid":0,"ph":"i","name":"Memory sample","ts":1523880606802000,"args":{"JVM stats":"heap_memory_usage: 210097680\nnon_heap_memory_usage: 98445184\nloaded_class_count: 12405\nthread_count: 54\ngarbage_collection_stats {\n  name: \"PS Scavenge\"\n  gc_collections: 0\n  gc_time: 0\n}\ngarbage_collection_stats {\n  name: \"PS MarkSweep\"\n  gc_collections: 0\n  gc_time: 0\n}\n"}},{"pid":0,"ph":"i","name":"Memory sample","ts":1523880606802001,"args":{"JVM stats":"heap_memory_usage: 210097680\nnon_heap_memory_usage: 98453392\nloaded_class_count: 12406\nthread_count: 54\ngarbage_collection_stats {\n  name: \"PS Scavenge\"\n  gc_collections: 0\n  gc_time: 0\n}\ngarbage_collection_stats {\n  name: \"PS MarkSweep\"\n  gc_collections: 0\n  gc_time: 0\n}\n"}},{"pid":0,"ph":"i","name":"Memory sample","ts":1523880606975000,"args":{"JVM stats":"heap_memory_usage: 226061152\nnon_heap_memory_usage: 100241256\nloaded_class_count: 12722\nthread_count: 41\ngarbage_collection_stats {\n  name: \"PS Scavenge\"\n  gc_collections: 0\n  gc_time: 0\n}\ngarbage_collection_stats {\n  name: \"PS MarkSweep\"\n  gc_collections: 0\n  gc_time: 0\n}\n"}},{"pid":1,"tid":1,"id":2,"name":"base plugin project configure","args":{"span_id":"2","project":"id: 1\nandroid_plugin_version: \"3.0.1\"\nandroid_plugin: APPLICATION\nplugin_generation: FIRST\nbuild_tools_version: \"26.0.2\"\ncompile_sdk: \"android-26\"\nsplits {\n}\n"},"ph":"X","ts":1523880600099000,"dur":348000},{"pid":1,"tid":1,"id":3,"name":"base plugin project base extension creation","args":{"span_id":"3","project":"id: 1\nandroid_plugin_version: \"3.0.1\"\nandroid_plugin: APPLICATION\nplugin_generation: FIRST\nbuild_tools_version: \"26.0.2\"\ncompile_sdk: \"android-26\"\nsplits {\n}\n"},"ph":"X","ts":1523880600448000,"dur":258000},{"pid":1,"tid":1,"id":5,"name":"task manager create tasks","args":{"span_id":"5","project":"id: 1\nandroid_plugin_version: \"3.0.1\"\nandroid_plugin: APPLICATION\nplugin_generation: FIRST\nbuild_tools_version: \"26.0.2\"\ncompile_sdk: \"android-26\"\nsplits {\n}\n"},"ph":"X","ts":1523880600707000,"dur":58000},{"pid":1,"tid":1,"id":4,"name":"base plugin project tasks creation","args":{"span_id":"4","project":"id: 1\nandroid_plugin_version: \"3.0.1\"\nandroid_plugin: APPLICATION\nplugin_generation: FIRST\nbuild_tools_version: \"26.0.2\"\ncompile_sdk: \"android-26\"\nsplits {\n}\n"},"ph":"X","ts":1523880600707000,"dur":59000},{"pid":1,"tid":1,"id":8,"name":"variant manager create variants","args":{"span_id":"8","project":"id: 1\nandroid_plugin_version: \"3.0.1\"\nandroid_plugin: APPLICATION\nplugin_generation: FIRST\nbuild_tools_version: \"26.0.2\"\ncompile_sdk: \"android-26\"\nsplits {\n}\n"},"ph":"X","ts":1523880601695000,"dur":98000},{"pid":1,"tid":1,"id":9,"name":"variant manager create tests tasks","args":{"span_id":"9","project":"id: 1\nandroid_plugin_version: \"3.0.1\"\nandroid_plugin: APPLICATION\nplugin_generation: FIRST\nbuild_tools_version: \"26.0.2\"\ncompile_sdk: \"android-26\"\nsplits {\n}\n"},"ph":"X","ts":1523880601793000,"dur":15000},{"pid":1,"tid":1,"id":11,"name":"app task manager create merge manifest task","args":{"span_id":"11","project":"id: 1\nandroid_plugin_version: \"3.0.1\"\nandroid_plugin: APPLICATION\nplugin_generation: FIRST\nbuild_tools_version: \"26.0.2\"\ncompile_sdk: \"android-26\"\nsplits {\n}\n","variant":"id: 1\nis_debug: true\nminify_enabled: false\nuse_multidex: false\nuse_legacy_multidex: false\nvariant_type: APPLICATION\nmin_sdk_version {\n  api_level: 15\n}\ntarget_sdk_version {\n  api_level: 26\n}\ndex_builder: DX_DEXER\ndex_merger: DX_MERGER\n"},"ph":"X","ts":1523880601837000,"dur":16000},{"pid":1,"tid":1,"id":12,"name":"app task manager create generate res values task","args":{"span_id":"12","project":"id: 1\nandroid_plugin_version: \"3.0.1\"\nandroid_plugin: APPLICATION\nplugin_generation: FIRST\nbuild_tools_version: \"26.0.2\"\ncompile_sdk: \"android-26\"\nsplits {\n}\n","variant":"id: 1\nis_debug: true\nminify_enabled: false\nuse_multidex: false\nuse_legacy_multidex: false\nvariant_type: APPLICATION\nmin_sdk_version {\n  api_level: 15\n}\ntarget_sdk_version {\n  api_level: 26\n}\ndex_builder: DX_DEXER\ndex_merger: DX_MERGER\n"},"ph":"X","ts":1523880601853000,"dur":4000},{"pid":1,"tid":1,"id":13,"name":"app task manager create create renderscript task","args":{"span_id":"13","project":"id: 1\nandroid_plugin_version: \"3.0.1\"\nandroid_plugin: APPLICATION\nplugin_generation: FIRST\nbuild_tools_version: \"26.0.2\"\ncompile_sdk: \"android-26\"\nsplits {\n}\n","variant":"id: 1\nis_debug: true\nminify_enabled: false\nuse_multidex: false\nuse_legacy_multidex: false\nvariant_type: APPLICATION\nmin_sdk_version {\n  api_level: 15\n}\ntarget_sdk_version {\n  api_level: 26\n}\ndex_builder: DX_DEXER\ndex_merger: DX_MERGER\n"},"ph":"X","ts":1523880601857000,"dur":7000},{"pid":1,"tid":1,"id":14,"name":"app task manager create merge resources task","args":{"span_id":"14","project":"id: 1\nandroid_plugin_version: \"3.0.1\"\nandroid_plugin: APPLICATION\nplugin_generation: FIRST\nbuild_tools_version: \"26.0.2\"\ncompile_sdk: \"android-26\"\nsplits {\n}\n","variant":"id: 1\nis_debug: true\nminify_enabled: false\nuse_multidex: false\nuse_legacy_multidex: false\nvariant_type: APPLICATION\nmin_sdk_version {\n  api_level: 15\n}\ntarget_sdk_version {\n  api_level: 26\n}\ndex_builder: DX_DEXER\ndex_merger: DX_MERGER\n"},"ph":"X","ts":1523880601864000,"dur":26000},{"pid":1,"tid":1,"id":15,"name":"app task manager create merge assets task","args":{"span_id":"15","project":"id: 1\nandroid_plugin_version: \"3.0.1\"\nandroid_plugin: APPLICATION\nplugin_generation: FIRST\nbuild_tools_version: \"26.0.2\"\ncompile_sdk: \"android-26\"\nsplits {\n}\n","variant":"id: 1\nis_debug: true\nminify_enabled: false\nuse_multidex: false\nuse_legacy_multidex: false\nvariant_type: APPLICATION\nmin_sdk_version {\n  api_level: 15\n}\ntarget_sdk_version {\n  api_level: 26\n}\ndex_builder: DX_DEXER\ndex_merger: DX_MERGER\n"},"ph":"X","ts":1523880601890000,"dur":8000},{"pid":1,"tid":1,"id":16,"name":"app task manager create build config task","args":{"span_id":"16","project":"id: 1\nandroid_plugin_version: \"3.0.1\"\nandroid_plugin: APPLICATION\nplugin_generation: FIRST\nbuild_tools_version: \"26.0.2\"\ncompile_sdk: \"android-26\"\nsplits {\n}\n","variant":"id: 1\nis_debug: true\nminify_enabled: false\nuse_multidex: false\nuse_legacy_multidex: false\nvariant_type: APPLICATION\nmin_sdk_version {\n  api_level: 15\n}\ntarget_sdk_version {\n  api_level: 26\n}\ndex_builder: DX_DEXER\ndex_merger: DX_MERGER\n"},"ph":"X","ts":1523880601898000,"dur":5000},{"pid":1,"tid":1,"id":17,"name":"app task manager create process res task","args":{"span_id":"17","project":"id: 1\nandroid_plugin_version: \"3.0.1\"\nandroid_plugin: APPLICATION\nplugin_generation: FIRST\nbuild_tools_version: \"26.0.2\"\ncompile_sdk: \"android-26\"\nsplits {\n}\n","variant":"id: 1\nis_debug: true\nminify_enabled: false\nuse_multidex: false\nuse_legacy_multidex: false\nvariant_type: APPLICATION\nmin_sdk_version {\n  api_level: 15\n}\ntarget_sdk_version {\n  api_level: 26\n}\ndex_builder: DX_DEXER\ndex_merger: DX_MERGER\n"},"ph":"X","ts":1523880601903000,"dur":47000},{"pid":1,"tid":1,"id":18,"name":"app task manager create aidl task","args":{"span_id":"18","project":"id: 1\nandroid_plugin_version: \"3.0.1\"\nandroid_plugin: APPLICATION\nplugin_generation: FIRST\nbuild_tools_version: \"26.0.2\"\ncompile_sdk: \"android-26\"\nsplits {\n}\n","variant":"id: 1\nis_debug: true\nminify_enabled: false\nuse_multidex: false\nuse_legacy_multidex: false\nvariant_type: APPLICATION\nmin_sdk_version {\n  api_level: 15\n}\ntarget_sdk_version {\n  api_level: 26\n}\ndex_builder: DX_DEXER\ndex_merger: DX_MERGER\n"},"ph":"X","ts":1523880601950000,"dur":5000},{"pid":1,"tid":1,"id":19,"name":"app task manager create shader task","args":{"span_id":"19","project":"id: 1\nandroid_plugin_version: \"3.0.1\"\nandroid_plugin: APPLICATION\nplugin_generation: FIRST\nbuild_tools_version: \"26.0.2\"\ncompile_sdk: \"android-26\"\nsplits {\n}\n","variant":"id: 1\nis_debug: true\nminify_enabled: false\nuse_multidex: false\nuse_legacy_multidex: false\nvariant_type: APPLICATION\nmin_sdk_version {\n  api_level: 15\n}\ntarget_sdk_version {\n  api_level: 26\n}\ndex_builder: DX_DEXER\ndex_merger: DX_MERGER\n"},"ph":"X","ts":1523880601956000,"dur":8000},{"pid":1,"tid":1,"id":20,"name":"app task manager create ndk task","args":{"span_id":"20","project":"id: 1\nandroid_plugin_version: \"3.0.1\"\nandroid_plugin: APPLICATION\nplugin_generation: FIRST\nbuild_tools_version: \"26.0.2\"\ncompile_sdk: \"android-26\"\nsplits {\n}\n","variant":"id: 1\nis_debug: true\nminify_enabled: false\nuse_multidex: false\nuse_legacy_multidex: false\nvariant_type: APPLICATION\nmin_sdk_version {\n  api_level: 15\n}\ntarget_sdk_version {\n  api_level: 26\n}\ndex_builder: DX_DEXER\ndex_merger: DX_MERGER\n"},"ph":"X","ts":1523880601964000,"dur":7000},{"pid":1,"tid":1,"id":21,"name":"app task manager create external native build task","args":{"span_id":"21","project":"id: 1\nandroid_plugin_version: \"3.0.1\"\nandroid_plugin: APPLICATION\nplugin_generation: FIRST\nbuild_tools_version: \"26.0.2\"\ncompile_sdk: \"android-26\"\nsplits {\n}\n","variant":"id: 1\nis_debug: true\nminify_enabled: false\nuse_multidex: false\nuse_legacy_multidex: false\nvariant_type: APPLICATION\nmin_sdk_version {\n  api_level: 15\n}\ntarget_sdk_version {\n  api_level: 26\n}\ndex_builder: DX_DEXER\ndex_merger: DX_MERGER\n"},"ph":"X","ts":1523880601971000,"dur":1000},{"pid":1,"tid":1,"id":22,"name":"app task manager create merge jnilibs folders task","args":{"span_id":"22","project":"id: 1\nandroid_plugin_version: \"3.0.1\"\nandroid_plugin: APPLICATION\nplugin_generation: FIRST\nbuild_tools_version: \"26.0.2\"\ncompile_sdk: \"android-26\"\nsplits {\n}\n","variant":"id: 1\nis_debug: true\nminify_enabled: false\nuse_multidex: false\nuse_legacy_multidex: false\nvariant_type: APPLICATION\nmin_sdk_version {\n  api_level: 15\n}\ntarget_sdk_version {\n  api_level: 26\n}\ndex_builder: DX_DEXER\ndex_merger: DX_MERGER\n"},"ph":"X","ts":1523880601972000,"dur":24000},{"pid":1,"tid":1,"id":23,"name":"app task manager create compile task","args":{"span_id":"23","project":"id: 1\nandroid_plugin_version: \"3.0.1\"\nandroid_plugin: APPLICATION\nplugin_generation: FIRST\nbuild_tools_version: \"26.0.2\"\ncompile_sdk: \"android-26\"\nsplits {\n}\n","variant":"id: 1\nis_debug: true\nminify_enabled: false\nuse_multidex: false\nuse_legacy_multidex: false\nvariant_type: APPLICATION\nmin_sdk_version {\n  api_level: 15\n}\ntarget_sdk_version {\n  api_level: 26\n}\ndex_builder: DX_DEXER\ndex_merger: DX_MERGER\n"},"ph":"X","ts":1523880601996000,"dur":79000},{"pid":1,"tid":1,"id":24,"name":"app task manager create packaging task","args":{"span_id":"24","project":"id: 1\nandroid_plugin_version: \"3.0.1\"\nandroid_plugin: APPLICATION\nplugin_generation: FIRST\nbuild_tools_version: \"26.0.2\"\ncompile_sdk: \"android-26\"\nsplits {\n}\n","variant":"id: 1\nis_debug: true\nminify_enabled: false\nuse_multidex: false\nuse_legacy_multidex: false\nvariant_type: APPLICATION\nmin_sdk_version {\n  api_level: 15\n}\ntarget_sdk_version {\n  api_level: 26\n}\ndex_builder: DX_DEXER\ndex_merger: DX_MERGER\n"},"ph":"X","ts":1523880602075000,"dur":35000},{"pid":1,"tid":1,"id":25,"name":"app task manager create lint task","args":{"span_id":"25","project":"id: 1\nandroid_plugin_version: \"3.0.1\"\nandroid_plugin: APPLICATION\nplugin_generation: FIRST\nbuild_tools_version: \"26.0.2\"\ncompile_sdk: \"android-26\"\nsplits {\n}\n","variant":"id: 1\nis_debug: true\nminify_enabled: false\nuse_multidex: false\nuse_legacy_multidex: false\nvariant_type: APPLICATION\nmin_sdk_version {\n  api_level: 15\n}\ntarget_sdk_version {\n  api_level: 26\n}\ndex_builder: DX_DEXER\ndex_merger: DX_MERGER\n"},"ph":"X","ts":1523880602110000,"dur":3000},{"pid":1,"tid":1,"id":10,"name":"variant manager create tasks for variant","args":{"span_id":"10","project":"id: 1\nandroid_plugin_version: \"3.0.1\"\nandroid_plugin: APPLICATION\nplugin_generation: FIRST\nbuild_tools_version: \"26.0.2\"\ncompile_sdk: \"android-26\"\nsplits {\n}\n","variant":"id: 1\nis_debug: true\nminify_enabled: false\nuse_multidex: false\nuse_legacy_multidex: false\nvariant_type: APPLICATION\nmin_sdk_version {\n  api_level: 15\n}\ntarget_sdk_version {\n  api_level: 26\n}\ndex_builder: DX_DEXER\ndex_merger: DX_MERGER\n"},"ph":"X","ts":1523880601808000,"dur":305000},{"pid":1,"tid":1,"id":26,"name":"variant manager create tasks for variant","args":{"span_id":"26","project":"id: 1\nandroid_plugin_version: \"3.0.1\"\nandroid_plugin: APPLICATION\nplugin_generation: FIRST\nbuild_tools_version: \"26.0.2\"\ncompile_sdk: \"android-26\"\nsplits {\n}\n"},"ph":"X","ts":1523880602113000,"dur":47000},{"pid":1,"tid":1,"id":27,"name":"variant manager create tasks for variant","args":{"span_id":"27","project":"id: 1\nandroid_plugin_version: \"3.0.1\"\nandroid_plugin: APPLICATION\nplugin_generation: FIRST\nbuild_tools_version: \"26.0.2\"\ncompile_sdk: \"android-26\"\nsplits {\n}\n"},"ph":"X","ts":1523880602160000,"dur":33000},{"pid":1,"tid":1,"id":7,"name":"variant manager create android tasks","args":{"span_id":"7","project":"id: 1\nandroid_plugin_version: \"3.0.1\"\nandroid_plugin: APPLICATION\nplugin_generation: FIRST\nbuild_tools_version: \"26.0.2\"\ncompile_sdk: \"android-26\"\nsplits {\n}\n"},"ph":"X","ts":1523880601694000,"dur":524000},{"pid":1,"tid":1,"id":28,"name":"variant manager external native config values","args":{"span_id":"28","project":"id: 1\nandroid_plugin_version: \"3.0.1\"\nandroid_plugin: APPLICATION\nplugin_generation: FIRST\nbuild_tools_version: \"26.0.2\"\ncompile_sdk: \"android-26\"\nsplits {\n}\n"},"ph":"X","ts":1523880602220000,"dur":100},{"pid":1,"tid":1,"id":6,"name":"base plugin create android tasks","args":{"span_id":"6","project":"id: 1\nandroid_plugin_version: \"3.0.1\"\nandroid_plugin: APPLICATION\nplugin_generation: FIRST\nbuild_tools_version: \"26.0.2\"\ncompile_sdk: \"android-26\"\nsplits {\n}\n"},"ph":"X","ts":1523880600840000,"dur":1380000},{"pid":1,"tid":0,"id":29,"name":"task: build info loader","args":{"span_id":"29","project":"id: 1\nandroid_plugin_version: \"3.0.1\"\nandroid_plugin: APPLICATION\nplugin_generation: FIRST\nbuild_tools_version: \"26.0.2\"\ncompile_sdk: \"android-26\"\nsplits {\n}\n","variant":"id: 1\nis_debug: true\nminify_enabled: false\nuse_multidex: false\nuse_legacy_multidex: false\nvariant_type: APPLICATION\nmin_sdk_version {\n  api_level: 15\n}\ntarget_sdk_version {\n  api_level: 26\n}\ndex_builder: DX_DEXER\ndex_merger: DX_MERGER\n","task":"type: 7\ndid_work: true\nskipped: false\nup_to_date: false\nfailed: false\n"},"ph":"X","ts":1523880602345000,"dur":15000},{"pid":1,"tid":0,"id":30,"name":"task: unknown task type","args":{"span_id":"30","project":"id: 1\nandroid_plugin_version: \"3.0.1\"\nandroid_plugin: APPLICATION\nplugin_generation: FIRST\nbuild_tools_version: \"26.0.2\"\ncompile_sdk: \"android-26\"\nsplits {\n}\n","task":"type: 0\ndid_work: false\nskipped: true\nup_to_date: true\nfailed: false\n"},"ph":"X","ts":1523880602370000,"dur":100},{"pid":1,"tid":0,"id":31,"name":"task: app pre build","args":{"span_id":"31","project":"id: 1\nandroid_plugin_version: \"3.0.1\"\nandroid_plugin: APPLICATION\nplugin_generation: FIRST\nbuild_tools_version: \"26.0.2\"\ncompile_sdk: \"android-26\"\nsplits {\n}\n","variant":"id: 1\nis_debug: true\nminify_enabled: false\nuse_multidex: false\nuse_legacy_multidex: false\nvariant_type: APPLICATION\nmin_sdk_version {\n  api_level: 15\n}\ntarget_sdk_version {\n  api_level: 26\n}\ndex_builder: DX_DEXER\ndex_merger: DX_MERGER\n","task":"type: 92\ndid_work: false\nskipped: true\nup_to_date: true\nfailed: false\n"},"ph":"X","ts":1523880602372000,"dur":342000},{"pid":1,"tid":0,"id":32,"name":"task: aidl compile","args":{"span_id":"32","project":"id: 1\nandroid_plugin_version: \"3.0.1\"\nandroid_plugin: APPLICATION\nplugin_generation: FIRST\nbuild_tools_version: \"26.0.2\"\ncompile_sdk: \"android-26\"\nsplits {\n}\n","variant":"id: 1\nis_debug: true\nminify_enabled: false\nuse_multidex: false\nuse_legacy_multidex: false\nvariant_type: APPLICATION\nmin_sdk_version {\n  api_level: 15\n}\ntarget_sdk_version {\n  api_level: 26\n}\ndex_builder: DX_DEXER\ndex_merger: DX_MERGER\n","task":"type: 1\ndid_work: false\nskipped: true\nup_to_date: true\nfailed: false\n"},"ph":"X","ts":1523880602715000,"dur":15000},{"pid":1,"tid":0,"id":33,"name":"task: renderscript compile","args":{"span_id":"33","project":"id: 1\nandroid_plugin_version: \"3.0.1\"\nandroid_plugin: APPLICATION\nplugin_generation: FIRST\nbuild_tools_version: \"26.0.2\"\ncompile_sdk: \"android-26\"\nsplits {\n}\n","variant":"id: 1\nis_debug: true\nminify_enabled: false\nuse_multidex: false\nuse_legacy_multidex: false\nvariant_type: APPLICATION\nmin_sdk_version {\n  api_level: 15\n}\ntarget_sdk_version {\n  api_level: 26\n}\ndex_builder: DX_DEXER\ndex_merger: DX_MERGER\n","task":"type: 54\ndid_work: false\nskipped: true\nup_to_date: true\nfailed: false\n"},"ph":"X","ts":1523880602731000,"dur":12000},{"pid":1,"tid":0,"id":34,"name":"task: check manifest","args":{"span_id":"34","project":"id: 1\nandroid_plugin_version: \"3.0.1\"\nandroid_plugin: APPLICATION\nplugin_generation: FIRST\nbuild_tools_version: \"26.0.2\"\ncompile_sdk: \"android-26\"\nsplits {\n}\n","variant":"id: 1\nis_debug: true\nminify_enabled: false\nuse_multidex: false\nuse_legacy_multidex: false\nvariant_type: APPLICATION\nmin_sdk_version {\n  api_level: 15\n}\ntarget_sdk_version {\n  api_level: 26\n}\ndex_builder: DX_DEXER\ndex_merger: DX_MERGER\n","task":"type: 8\ndid_work: false\nskipped: true\nup_to_date: true\nfailed: false\n"},"ph":"X","ts":1523880602744000,"dur":3000},{"pid":1,"tid":0,"id":35,"name":"task: generate build config","args":{"span_id":"35","project":"id: 1\nandroid_plugin_version: \"3.0.1\"\nandroid_plugin: APPLICATION\nplugin_generation: FIRST\nbuild_tools_version: \"26.0.2\"\ncompile_sdk: \"android-26\"\nsplits {\n}\n","variant":"id: 1\nis_debug: true\nminify_enabled: false\nuse_multidex: false\nuse_legacy_multidex: false\nvariant_type: APPLICATION\nmin_sdk_version {\n  api_level: 15\n}\ntarget_sdk_version {\n  api_level: 26\n}\ndex_builder: DX_DEXER\ndex_merger: DX_MERGER\n","task":"type: 24\ndid_work: false\nskipped: true\nup_to_date: true\nfailed: false\n"},"ph":"X","ts":1523880602748000,"dur":3000},{"pid":1,"tid":0,"id":36,"name":"task: prepare lint jar","args":{"span_id":"36","project":"id: 1\nandroid_plugin_version: \"3.0.1\"\nandroid_plugin: APPLICATION\nplugin_generation: FIRST\nbuild_tools_version: \"26.0.2\"\ncompile_sdk: \"android-26\"\nsplits {\n}\n","task":"type: 119\ndid_work: false\nskipped: true\nup_to_date: true\nfailed: false\n"},"ph":"X","ts":1523880602751000,"dur":3000},{"pid":1,"tid":0,"id":37,"name":"task: generate res values","args":{"span_id":"37","project":"id: 1\nandroid_plugin_version: \"3.0.1\"\nandroid_plugin: APPLICATION\nplugin_generation: FIRST\nbuild_tools_version: \"26.0.2\"\ncompile_sdk: \"android-26\"\nsplits {\n}\n","variant":"id: 1\nis_debug: true\nminify_enabled: false\nuse_multidex: false\nuse_legacy_multidex: false\nvariant_type: APPLICATION\nmin_sdk_version {\n  api_level: 15\n}\ntarget_sdk_version {\n  api_level: 26\n}\ndex_builder: DX_DEXER\ndex_merger: DX_MERGER\n","task":"type: 26\ndid_work: false\nskipped: true\nup_to_date: true\nfailed: false\n"},"ph":"X","ts":1523880602755000,"dur":1000},{"pid":1,"tid":0,"id":38,"name":"task: unknown task type","args":{"span_id":"38","project":"id: 1\nandroid_plugin_version: \"3.0.1\"\nandroid_plugin: APPLICATION\nplugin_generation: FIRST\nbuild_tools_version: \"26.0.2\"\ncompile_sdk: \"android-26\"\nsplits {\n}\n","task":"type: 0\ndid_work: false\nskipped: true\nup_to_date: true\nfailed: false\n"},"ph":"X","ts":1523880602757000,"dur":100},{"pid":1,"tid":0,"id":39,"name":"task: merge resources","args":{"span_id":"39","project":"id: 1\nandroid_plugin_version: \"3.0.1\"\nandroid_plugin: APPLICATION\nplugin_generation: FIRST\nbuild_tools_version: \"26.0.2\"\ncompile_sdk: \"android-26\"\nsplits {\n}\n","variant":"id: 1\nis_debug: true\nminify_enabled: false\nuse_multidex: false\nuse_legacy_multidex: false\nvariant_type: APPLICATION\nmin_sdk_version {\n  api_level: 15\n}\ntarget_sdk_version {\n  api_level: 26\n}\ndex_builder: DX_DEXER\ndex_merger: DX_MERGER\n","task":"type: 40\ndid_work: false\nskipped: true\nup_to_date: true\nfailed: false\n"},"ph":"X","ts":1523880602758000,"dur":133000},{"pid":1,"tid":0,"id":40,"name":"task: compatible screens manifest","args":{"span_id":"40","project":"id: 1\nandroid_plugin_version: \"3.0.1\"\nandroid_plugin: APPLICATION\nplugin_generation: FIRST\nbuild_tools_version: \"26.0.2\"\ncompile_sdk: \"android-26\"\nsplits {\n}\n","variant":"id: 1\nis_debug: true\nminify_enabled: false\nuse_multidex: false\nuse_legacy_multidex: false\nvariant_type: APPLICATION\nmin_sdk_version {\n  api_level: 15\n}\ntarget_sdk_version {\n  api_level: 26\n}\ndex_builder: DX_DEXER\ndex_merger: DX_MERGER\n","task":"type: 9\ndid_work: false\nskipped: true\nup_to_date: true\nfailed: false\n"},"ph":"X","ts":1523880602892000,"dur":5000},{"pid":1,"tid":0,"id":41,"name":"task: merge manifests","args":{"span_id":"41","project":"id: 1\nandroid_plugin_version: \"3.0.1\"\nandroid_plugin: APPLICATION\nplugin_generation: FIRST\nbuild_tools_version: \"26.0.2\"\ncompile_sdk: \"android-26\"\nsplits {\n}\n","variant":"id: 1\nis_debug: true\nminify_enabled: false\nuse_multidex: false\nuse_legacy_multidex: false\nvariant_type: APPLICATION\nmin_sdk_version {\n  api_level: 15\n}\ntarget_sdk_version {\n  api_level: 26\n}\ndex_builder: DX_DEXER\ndex_merger: DX_MERGER\n","task":"type: 39\ndid_work: true\nskipped: false\nup_to_date: false\nfailed: false\n"},"ph":"X","ts":1523880602898000,"dur":185000},{"pid":1,"tid":0,"id":42,"name":"task: splits discovery","args":{"span_id":"42","project":"id: 1\nandroid_plugin_version: \"3.0.1\"\nandroid_plugin: APPLICATION\nplugin_generation: FIRST\nbuild_tools_version: \"26.0.2\"\ncompile_sdk: \"android-26\"\nsplits {\n}\n","variant":"id: 1\nis_debug: true\nminify_enabled: false\nuse_multidex: false\nuse_legacy_multidex: false\nvariant_type: APPLICATION\nmin_sdk_version {\n  api_level: 15\n}\ntarget_sdk_version {\n  api_level: 26\n}\ndex_builder: DX_DEXER\ndex_merger: DX_MERGER\n","task":"type: 87\ndid_work: false\nskipped: true\nup_to_date: true\nfailed: false\n"},"ph":"X","ts":1523880603085000,"dur":7000},{"pid":1,"tid":0,"id":43,"name":"task: process android resources","args":{"span_id":"43","project":"id: 1\nandroid_plugin_version: \"3.0.1\"\nandroid_plugin: APPLICATION\nplugin_generation: FIRST\nbuild_tools_version: \"26.0.2\"\ncompile_sdk: \"android-26\"\nsplits {\n}\n","variant":"id: 1\nis_debug: true\nminify_enabled: false\nuse_multidex: false\nuse_legacy_multidex: false\nvariant_type: APPLICATION\nmin_sdk_version {\n  api_level: 15\n}\ntarget_sdk_version {\n  api_level: 26\n}\ndex_builder: DX_DEXER\ndex_merger: DX_MERGER\n","task":"type: 51\ndid_work: true\nskipped: false\nup_to_date: false\nfailed: false\n"},"ph":"X","ts":1523880603093000,"dur":896000},{"pid":1,"tid":0,"id":44,"name":"task: unknown task type","args":{"span_id":"44","project":"id: 1\nandroid_plugin_version: \"3.0.1\"\nandroid_plugin: APPLICATION\nplugin_generation: FIRST\nbuild_tools_version: \"26.0.2\"\ncompile_sdk: \"android-26\"\nsplits {\n}\n","task":"type: 0\ndid_work: false\nskipped: false\nup_to_date: false\nfailed: false\n"},"ph":"X","ts":1523880603990000,"dur":100},{"pid":1,"tid":0,"id":45,"name":"task: java pre compile","args":{"span_id":"45","project":"id: 1\nandroid_plugin_version: \"3.0.1\"\nandroid_plugin: APPLICATION\nplugin_generation: FIRST\nbuild_tools_version: \"26.0.2\"\ncompile_sdk: \"android-26\"\nsplits {\n}\n","variant":"id: 1\nis_debug: true\nminify_enabled: false\nuse_multidex: false\nuse_legacy_multidex: false\nvariant_type: APPLICATION\nmin_sdk_version {\n  api_level: 15\n}\ntarget_sdk_version {\n  api_level: 26\n}\ndex_builder: DX_DEXER\ndex_merger: DX_MERGER\n","task":"type: 76\ndid_work: false\nskipped: true\nup_to_date: true\nfailed: false\n"},"ph":"X","ts":1523880603991000,"dur":27000},{"pid":1,"tid":0,"id":46,"name":"task: android java compile","args":{"span_id":"46","project":"id: 1\nandroid_plugin_version: \"3.0.1\"\nandroid_plugin: APPLICATION\nplugin_generation: FIRST\nbuild_tools_version: \"26.0.2\"\ncompile_sdk: \"android-26\"\nsplits {\n}\n","task":"type: 3\ndid_work: false\nskipped: true\nup_to_date: true\nfailed: false\n"},"ph":"X","ts":1523880604019000,"dur":45000},{"pid":1,"tid":0,"id":47,"name":"task: merge source set folders","args":{"span_id":"47","project":"id: 1\nandroid_plugin_version: \"3.0.1\"\nandroid_plugin: APPLICATION\nplugin_generation: FIRST\nbuild_tools_version: \"26.0.2\"\ncompile_sdk: \"android-26\"\nsplits {\n}\n","variant":"id: 1\nis_debug: true\nminify_enabled: false\nuse_multidex: false\nuse_legacy_multidex: false\nvariant_type: APPLICATION\nmin_sdk_version {\n  api_level: 15\n}\ntarget_sdk_version {\n  api_level: 26\n}\ndex_builder: DX_DEXER\ndex_merger: DX_MERGER\n","task":"type: 41\ndid_work: false\nskipped: true\nup_to_date: true\nfailed: false\n"},"ph":"X","ts":1523880604065000,"dur":3000},{"pid":1,"tid":0,"id":48,"name":"task: shader compile","args":{"span_id":"48","project":"id: 1\nandroid_plugin_version: \"3.0.1\"\nandroid_plugin: APPLICATION\nplugin_generation: FIRST\nbuild_tools_version: \"26.0.2\"\ncompile_sdk: \"android-26\"\nsplits {\n}\n","variant":"id: 1\nis_debug: true\nminify_enabled: false\nuse_multidex: false\nuse_legacy_multidex: false\nvariant_type: APPLICATION\nmin_sdk_version {\n  api_level: 15\n}\ntarget_sdk_version {\n  api_level: 26\n}\ndex_builder: DX_DEXER\ndex_merger: DX_MERGER\n","task":"type: 55\ndid_work: false\nskipped: true\nup_to_date: true\nfailed: false\n"},"ph":"X","ts":1523880604069000,"dur":2000},{"pid":1,"tid":0,"id":49,"name":"task: unknown task type","args":{"span_id":"49","project":"id: 1\nandroid_plugin_version: \"3.0.1\"\nandroid_plugin: APPLICATION\nplugin_generation: FIRST\nbuild_tools_version: \"26.0.2\"\ncompile_sdk: \"android-26\"\nsplits {\n}\n","task":"type: 0\ndid_work: false\nskipped: true\nup_to_date: true\nfailed: false\n"},"ph":"X","ts":1523880604072000,"dur":100},{"pid":1,"tid":0,"id":50,"name":"task: merge source set folders","args":{"span_id":"50","project":"id: 1\nandroid_plugin_version: \"3.0.1\"\nandroid_plugin: APPLICATION\nplugin_generation: FIRST\nbuild_tools_version: \"26.0.2\"\ncompile_sdk: \"android-26\"\nsplits {\n}\n","variant":"id: 1\nis_debug: true\nminify_enabled: false\nuse_multidex: false\nuse_legacy_multidex: false\nvariant_type: APPLICATION\nmin_sdk_version {\n  api_level: 15\n}\ntarget_sdk_version {\n  api_level: 26\n}\ndex_builder: DX_DEXER\ndex_merger: DX_MERGER\n","task":"type: 41\ndid_work: false\nskipped: true\nup_to_date: true\nfailed: false\n"},"ph":"X","ts":1523880604073000,"dur":9000},{"pid":1,"tid":0,"id":51,"name":"task: package application","args":{"span_id":"51","project":"id: 1\nandroid_plugin_version: \"3.0.1\"\nandroid_plugin: APPLICATION\nplugin_generation: FIRST\nbuild_tools_version: \"26.0.2\"\ncompile_sdk: \"android-26\"\nsplits {\n}\n","variant":"id: 1\nis_debug: true\nminify_enabled: false\nuse_multidex: false\nuse_legacy_multidex: false\nvariant_type: APPLICATION\nmin_sdk_version {\n  api_level: 15\n}\ntarget_sdk_version {\n  api_level: 26\n}\ndex_builder: DX_DEXER\ndex_merger: DX_MERGER\n","task":"type: 45\ndid_work: false\nskipped: true\nup_to_date: true\nfailed: false\n"},"ph":"X","ts":1523880604083000,"dur":7000},{"pid":1,"tid":0,"id":52,"name":"task: check manifest in instant run mode","args":{"span_id":"52","project":"id: 1\nandroid_plugin_version: \"3.0.1\"\nandroid_plugin: APPLICATION\nplugin_generation: FIRST\nbuild_tools_version: \"26.0.2\"\ncompile_sdk: \"android-26\"\nsplits {\n}\n","variant":"id: 1\nis_debug: true\nminify_enabled: false\nuse_multidex: false\nuse_legacy_multidex: false\nvariant_type: APPLICATION\nmin_sdk_version {\n  api_level: 15\n}\ntarget_sdk_version {\n  api_level: 26\n}\ndex_builder: DX_DEXER\ndex_merger: DX_MERGER\n","task":"type: 72\ndid_work: true\nskipped: false\nup_to_date: false\nfailed: false\n"},"ph":"X","ts":1523880604091000,"dur":6000},{"pid":1,"tid":0,"id":53,"name":"task: transform","args":{"span_id":"53","project":"id: 1\nandroid_plugin_version: \"3.0.1\"\nandroid_plugin: APPLICATION\nplugin_generation: FIRST\nbuild_tools_version: \"26.0.2\"\ncompile_sdk: \"android-26\"\nsplits {\n}\n","variant":"id: 1\nis_debug: true\nminify_enabled: false\nuse_multidex: false\nuse_legacy_multidex: false\nvariant_type: APPLICATION\nmin_sdk_version {\n  api_level: 15\n}\ntarget_sdk_version {\n  api_level: 26\n}\ndex_builder: DX_DEXER\ndex_merger: DX_MERGER\n","task":"type: 65\ndid_work: false\nskipped: true\nup_to_date: true\nfailed: false\n"},"ph":"X","ts":1523880604099000,"dur":3000},{"pid":1,"tid":0,"id":54,"name":"task: transform","args":{"span_id":"54","project":"id: 1\nandroid_plugin_version: \"3.0.1\"\nandroid_plugin: APPLICATION\nplugin_generation: FIRST\nbuild_tools_version: \"26.0.2\"\ncompile_sdk: \"android-26\"\nsplits {\n}\n","variant":"id: 1\nis_debug: true\nminify_enabled: false\nuse_multidex: false\nuse_legacy_multidex: false\nvariant_type: APPLICATION\nmin_sdk_version {\n  api_level: 15\n}\ntarget_sdk_version {\n  api_level: 26\n}\ndex_builder: DX_DEXER\ndex_merger: DX_MERGER\n","task":"type: 65\ndid_work: false\nskipped: true\nup_to_date: true\nfailed: false\n"},"ph":"X","ts":1523880604103000,"dur":32000},{"pid":1,"tid":0,"id":55,"name":"task: transform","args":{"span_id":"55","project":"id: 1\nandroid_plugin_version: \"3.0.1\"\nandroid_plugin: APPLICATION\nplugin_generation: FIRST\nbuild_tools_version: \"26.0.2\"\ncompile_sdk: \"android-26\"\nsplits {\n}\n","variant":"id: 1\nis_debug: true\nminify_enabled: false\nuse_multidex: false\nuse_legacy_multidex: false\nvariant_type: APPLICATION\nmin_sdk_version {\n  api_level: 15\n}\ntarget_sdk_version {\n  api_level: 26\n}\ndex_builder: DX_DEXER\ndex_merger: DX_MERGER\n","task":"type: 65\ndid_work: false\nskipped: true\nup_to_date: true\nfailed: false\n"},"ph":"X","ts":1523880604135000,"dur":10000},{"pid":1,"tid":0,"id":56,"name":"task: ndk compile","args":{"span_id":"56","project":"id: 1\nandroid_plugin_version: \"3.0.1\"\nandroid_plugin: APPLICATION\nplugin_generation: FIRST\nbuild_tools_version: \"26.0.2\"\ncompile_sdk: \"android-26\"\nsplits {\n}\n","variant":"id: 1\nis_debug: true\nminify_enabled: false\nuse_multidex: false\nuse_legacy_multidex: false\nvariant_type: APPLICATION\nmin_sdk_version {\n  api_level: 15\n}\ntarget_sdk_version {\n  api_level: 26\n}\ndex_builder: DX_DEXER\ndex_merger: DX_MERGER\n","task":"type: 43\ndid_work: false\nskipped: true\nup_to_date: false\nfailed: false\n"},"ph":"X","ts":1523880604147000,"dur":1000},{"pid":1,"tid":0,"id":57,"name":"task: merge source set folders","args":{"span_id":"57","project":"id: 1\nandroid_plugin_version: \"3.0.1\"\nandroid_plugin: APPLICATION\nplugin_generation: FIRST\nbuild_tools_version: \"26.0.2\"\ncompile_sdk: \"android-26\"\nsplits {\n}\n","variant":"id: 1\nis_debug: true\nminify_enabled: false\nuse_multidex: false\nuse_legacy_multidex: false\nvariant_type: APPLICATION\nmin_sdk_version {\n  api_level: 15\n}\ntarget_sdk_version {\n  api_level: 26\n}\ndex_builder: DX_DEXER\ndex_merger: DX_MERGER\n","task":"type: 41\ndid_work: false\nskipped: true\nup_to_date: true\nfailed: false\n"},"ph":"X","ts":1523880604150000,"dur":4000},{"pid":1,"tid":0,"id":58,"name":"task: transform","args":{"span_id":"58","project":"id: 1\nandroid_plugin_version: \"3.0.1\"\nandroid_plugin: APPLICATION\nplugin_generation: FIRST\nbuild_tools_version: \"26.0.2\"\ncompile_sdk: \"android-26\"\nsplits {\n}\n","variant":"id: 1\nis_debug: true\nminify_enabled: false\nuse_multidex: false\nuse_legacy_multidex: false\nvariant_type: APPLICATION\nmin_sdk_version {\n  api_level: 15\n}\ntarget_sdk_version {\n  api_level: 26\n}\ndex_builder: DX_DEXER\ndex_merger: DX_MERGER\n","task":"type: 65\ndid_work: false\nskipped: true\nup_to_date: true\nfailed: false\n"},"ph":"X","ts":1523880604155000,"dur":21000},{"pid":1,"tid":0,"id":59,"name":"task: unknown task type","args":{"span_id":"59","project":"id: 1\nandroid_plugin_version: \"3.0.1\"\nandroid_plugin: APPLICATION\nplugin_generation: FIRST\nbuild_tools_version: \"26.0.2\"\ncompile_sdk: \"android-26\"\nsplits {\n}\n","task":"type: 0\ndid_work: false\nskipped: true\nup_to_date: false\nfailed: false\n"},"ph":"X","ts":1523880604177000,"dur":1000},{"pid":1,"tid":0,"id":60,"name":"task: transform","args":{"span_id":"60","project":"id: 1\nandroid_plugin_version: \"3.0.1\"\nandroid_plugin: APPLICATION\nplugin_generation: FIRST\nbuild_tools_version: \"26.0.2\"\ncompile_sdk: \"android-26\"\nsplits {\n}\n","variant":"id: 1\nis_debug: true\nminify_enabled: false\nuse_multidex: false\nuse_legacy_multidex: false\nvariant_type: APPLICATION\nmin_sdk_version {\n  api_level: 15\n}\ntarget_sdk_version {\n  api_level: 26\n}\ndex_builder: DX_DEXER\ndex_merger: DX_MERGER\n","task":"type: 65\ndid_work: false\nskipped: true\nup_to_date: true\nfailed: false\n"},"ph":"X","ts":1523880604179000,"dur":17000},{"pid":1,"tid":0,"id":61,"name":"task: transform","args":{"span_id":"61","project":"id: 1\nandroid_plugin_version: \"3.0.1\"\nandroid_plugin: APPLICATION\nplugin_generation: FIRST\nbuild_tools_version: \"26.0.2\"\ncompile_sdk: \"android-26\"\nsplits {\n}\n","variant":"id: 1\nis_debug: true\nminify_enabled: false\nuse_multidex: false\nuse_legacy_multidex: false\nvariant_type: APPLICATION\nmin_sdk_version {\n  api_level: 15\n}\ntarget_sdk_version {\n  api_level: 26\n}\ndex_builder: DX_DEXER\ndex_merger: DX_MERGER\n","task":"type: 65\ndid_work: false\nskipped: true\nup_to_date: true\nfailed: false\n"},"ph":"X","ts":1523880604197000,"dur":2000},{"pid":1,"tid":2,"id":63,"name":"transform prep: instant run","args":{"span_id":"63","project":"id: 1\nandroid_plugin_version: \"3.0.1\"\nandroid_plugin: APPLICATION\nplugin_generation: FIRST\nbuild_tools_version: \"26.0.2\"\ncompile_sdk: \"android-26\"\nsplits {\n}\n","variant":"id: 1\nis_debug: true\nminify_enabled: false\nuse_multidex: false\nuse_legacy_multidex: false\nvariant_type: APPLICATION\nmin_sdk_version {\n  api_level: 15\n}\ntarget_sdk_version {\n  api_level: 26\n}\ndex_builder: DX_DEXER\ndex_merger: DX_MERGER\n","transform":"type: 5\nis_incremental: true\n"},"ph":"X","ts":1523880604262000,"dur":31000},{"pid":1,"tid":2,"id":64,"name":"transform: instant run","args":{"span_id":"64","project":"id: 1\nandroid_plugin_version: \"3.0.1\"\nandroid_plugin: APPLICATION\nplugin_generation: FIRST\nbuild_tools_version: \"26.0.2\"\ncompile_sdk: \"android-26\"\nsplits {\n}\n","variant":"id: 1\nis_debug: true\nminify_enabled: false\nuse_multidex: false\nuse_legacy_multidex: false\nvariant_type: APPLICATION\nmin_sdk_version {\n  api_level: 15\n}\ntarget_sdk_version {\n  api_level: 26\n}\ndex_builder: DX_DEXER\ndex_merger: DX_MERGER\n","transform":"type: 5\nis_incremental: false\n"},"ph":"X","ts":1523880604295000,"dur":220000},{"pid":1,"tid":0,"id":62,"name":"task: transform","args":{"span_id":"62","project":"id: 1\nandroid_plugin_version: \"3.0.1\"\nandroid_plugin: APPLICATION\nplugin_generation: FIRST\nbuild_tools_version: \"26.0.2\"\ncompile_sdk: \"android-26\"\nsplits {\n}\n","variant":"id: 1\nis_debug: true\nminify_enabled: false\nuse_multidex: false\nuse_legacy_multidex: false\nvariant_type: APPLICATION\nmin_sdk_version {\n  api_level: 15\n}\ntarget_sdk_version {\n  api_level: 26\n}\ndex_builder: DX_DEXER\ndex_merger: DX_MERGER\n","task":"type: 65\ndid_work: true\nskipped: false\nup_to_date: false\nfailed: false\n"},"ph":"X","ts":1523880604200000,"dur":336000},{"pid":1,"tid":2,"id":66,"name":"transform prep: instant run dex","args":{"span_id":"66","project":"id: 1\nandroid_plugin_version: \"3.0.1\"\nandroid_plugin: APPLICATION\nplugin_generation: FIRST\nbuild_tools_version: \"26.0.2\"\ncompile_sdk: \"android-26\"\nsplits {\n}\n","variant":"id: 1\nis_debug: true\nminify_enabled: false\nuse_multidex: false\nuse_legacy_multidex: false\nvariant_type: APPLICATION\nmin_sdk_version {\n  api_level: 15\n}\ntarget_sdk_version {\n  api_level: 26\n}\ndex_builder: DX_DEXER\ndex_merger: DX_MERGER\n","transform":"type: 3\nis_incremental: true\n"},"ph":"X","ts":1523880604544000,"dur":3000},{"pid":1,"tid":2,"id":67,"name":"transform: instant run dex","args":{"span_id":"67","project":"id: 1\nandroid_plugin_version: \"3.0.1\"\nandroid_plugin: APPLICATION\nplugin_generation: FIRST\nbuild_tools_version: \"26.0.2\"\ncompile_sdk: \"android-26\"\nsplits {\n}\n","variant":"id: 1\nis_debug: true\nminify_enabled: false\nuse_multidex: false\nuse_legacy_multidex: false\nvariant_type: APPLICATION\nmin_sdk_version {\n  api_level: 15\n}\ntarget_sdk_version {\n  api_level: 26\n}\ndex_builder: DX_DEXER\ndex_merger: DX_MERGER\n","transform":"type: 3\nis_incremental: true\n"},"ph":"X","ts":1523880604547000,"dur":100},{"pid":1,"tid":0,"id":65,"name":"task: transform","args":{"span_id":"65","project":"id: 1\nandroid_plugin_version: \"3.0.1\"\nandroid_plugin: APPLICATION\nplugin_generation: FIRST\nbuild_tools_version: \"26.0.2\"\ncompile_sdk: \"android-26\"\nsplits {\n}\n","variant":"id: 1\nis_debug: true\nminify_enabled: false\nuse_multidex: false\nuse_legacy_multidex: false\nvariant_type: APPLICATION\nmin_sdk_version {\n  api_level: 15\n}\ntarget_sdk_version {\n  api_level: 26\n}\ndex_builder: DX_DEXER\ndex_merger: DX_MERGER\n","task":"type: 65\ndid_work: true\nskipped: false\nup_to_date: false\nfailed: false\n"},"ph":"X","ts":1523880604538000,"dur":10000},{"pid":1,"tid":0,"id":68,"name":"task: unknown task type","args":{"span_id":"68","project":"id: 1\nandroid_plugin_version: \"3.0.1\"\nandroid_plugin: APPLICATION\nplugin_generation: FIRST\nbuild_tools_version: \"26.0.2\"\ncompile_sdk: \"android-26\"\nsplits {\n}\n","task":"type: 0\ndid_work: false\nskipped: false\nup_to_date: false\nfailed: false\n"},"ph":"X","ts":1523880604549000,"dur":100},{"pid":1,"tid":0,"id":69,"name":"task: pre cold swap","args":{"span_id":"69","project":"id: 1\nandroid_plugin_version: \"3.0.1\"\nandroid_plugin: APPLICATION\nplugin_generation: FIRST\nbuild_tools_version: \"26.0.2\"\ncompile_sdk: \"android-26\"\nsplits {\n}\n","variant":"id: 1\nis_debug: true\nminify_enabled: false\nuse_multidex: false\nuse_legacy_multidex: false\nvariant_type: APPLICATION\nmin_sdk_version {\n  api_level: 15\n}\ntarget_sdk_version {\n  api_level: 26\n}\ndex_builder: DX_DEXER\ndex_merger: DX_MERGER\n","task":"type: 48\ndid_work: true\nskipped: false\nup_to_date: false\nfailed: false\n"},"ph":"X","ts":1523880604549000,"dur":1000},{"pid":1,"tid":0,"id":70,"name":"task: fast deploy runtime extractor","args":{"span_id":"70","project":"id: 1\nandroid_plugin_version: \"3.0.1\"\nandroid_plugin: APPLICATION\nplugin_generation: FIRST\nbuild_tools_version: \"26.0.2\"\ncompile_sdk: \"android-26\"\nsplits {\n}\n","variant":"id: 1\nis_debug: true\nminify_enabled: false\nuse_multidex: false\nuse_legacy_multidex: false\nvariant_type: APPLICATION\nmin_sdk_version {\n  api_level: 15\n}\ntarget_sdk_version {\n  api_level: 26\n}\ndex_builder: DX_DEXER\ndex_merger: DX_MERGER\n","task":"type: 21\ndid_work: false\nskipped: true\nup_to_date: true\nfailed: false\n"},"ph":"X","ts":1523880604551000,"dur":1000},{"pid":1,"tid":0,"id":71,"name":"task: generate instant run app info","args":{"span_id":"71","project":"id: 1\nandroid_plugin_version: \"3.0.1\"\nandroid_plugin: APPLICATION\nplugin_generation: FIRST\nbuild_tools_version: \"26.0.2\"\ncompile_sdk: \"android-26\"\nsplits {\n}\n","variant":"id: 1\nis_debug: true\nminify_enabled: false\nuse_multidex: false\nuse_legacy_multidex: false\nvariant_type: APPLICATION\nmin_sdk_version {\n  api_level: 15\n}\ntarget_sdk_version {\n  api_level: 26\n}\ndex_builder: DX_DEXER\ndex_merger: DX_MERGER\n","task":"type: 25\ndid_work: false\nskipped: true\nup_to_date: true\nfailed: false\n"},"ph":"X","ts":1523880604553000,"dur":2000},{"pid":1,"tid":2,"id":73,"name":"transform prep: instant run slicer","args":{"span_id":"73","project":"id: 1\nandroid_plugin_version: \"3.0.1\"\nandroid_plugin: APPLICATION\nplugin_generation: FIRST\nbuild_tools_version: \"26.0.2\"\ncompile_sdk: \"android-26\"\nsplits {\n}\n","variant":"id: 1\nis_debug: true\nminify_enabled: false\nuse_multidex: false\nuse_legacy_multidex: false\nvariant_type: APPLICATION\nmin_sdk_version {\n  api_level: 15\n}\ntarget_sdk_version {\n  api_level: 26\n}\ndex_builder: DX_DEXER\ndex_merger: DX_MERGER\n","transform":"type: 4\nis_incremental: true\n"},"ph":"X","ts":1523880604598000,"dur":1000},{"pid":1,"tid":2,"id":74,"name":"transform: instant run slicer","args":{"span_id":"74","project":"id: 1\nandroid_plugin_version: \"3.0.1\"\nandroid_plugin: APPLICATION\nplugin_generation: FIRST\nbuild_tools_version: \"26.0.2\"\ncompile_sdk: \"android-26\"\nsplits {\n}\n","variant":"id: 1\nis_debug: true\nminify_enabled: false\nuse_multidex: false\nuse_legacy_multidex: false\nvariant_type: APPLICATION\nmin_sdk_version {\n  api_level: 15\n}\ntarget_sdk_version {\n  api_level: 26\n}\ndex_builder: DX_DEXER\ndex_merger: DX_MERGER\n","transform":"type: 4\nis_incremental: true\n"},"ph":"X","ts":1523880604599000,"dur":12000},{"pid":1,"tid":0,"id":72,"name":"task: transform","args":{"span_id":"72","project":"id: 1\nandroid_plugin_version: \"3.0.1\"\nandroid_plugin: APPLICATION\nplugin_generation: FIRST\nbuild_tools_version: \"26.0.2\"\ncompile_sdk: \"android-26\"\nsplits {\n}\n","variant":"id: 1\nis_debug: true\nminify_enabled: false\nuse_multidex: false\nuse_legacy_multidex: false\nvariant_type: APPLICATION\nmin_sdk_version {\n  api_level: 15\n}\ntarget_sdk_version {\n  api_level: 26\n}\ndex_builder: DX_DEXER\ndex_merger: DX_MERGER\n","task":"type: 65\ndid_work: true\nskipped: false\nup_to_date: false\nfailed: false\n"},"ph":"X","ts":1523880604556000,"dur":68000},{"pid":1,"tid":2,"id":76,"name":"transform prep: dex archive builder","args":{"span_id":"76","project":"id: 1\nandroid_plugin_version: \"3.0.1\"\nandroid_plugin: APPLICATION\nplugin_generation: FIRST\nbuild_tools_version: \"26.0.2\"\ncompile_sdk: \"android-26\"\nsplits {\n}\n","variant":"id: 1\nis_debug: true\nminify_enabled: false\nuse_multidex: false\nuse_legacy_multidex: false\nvariant_type: APPLICATION\nmin_sdk_version {\n  api_level: 15\n}\ntarget_sdk_version {\n  api_level: 26\n}\ndex_builder: DX_DEXER\ndex_merger: DX_MERGER\n","transform":"type: 29\nis_incremental: true\n"},"ph":"X","ts":1523880604679000,"dur":3000},{"pid":1,"tid":2,"id":77,"name":"transform: dex archive builder","args":{"span_id":"77","project":"id: 1\nandroid_plugin_version: \"3.0.1\"\nandroid_plugin: APPLICATION\nplugin_generation: FIRST\nbuild_tools_version: \"26.0.2\"\ncompile_sdk: \"android-26\"\nsplits {\n}\n","variant":"id: 1\nis_debug: true\nminify_enabled: false\nuse_multidex: false\nuse_legacy_multidex: false\nvariant_type: APPLICATION\nmin_sdk_version {\n  api_level: 15\n}\ntarget_sdk_version {\n  api_level: 26\n}\ndex_builder: DX_DEXER\ndex_merger: DX_MERGER\n","transform":"type: 29\nis_incremental: true\n"},"ph":"X","ts":1523880604682000,"dur":1536000},{"pid":1,"tid":0,"id":75,"name":"task: transform","args":{"span_id":"75","project":"id: 1\nandroid_plugin_version: \"3.0.1\"\nandroid_plugin: APPLICATION\nplugin_generation: FIRST\nbuild_tools_version: \"26.0.2\"\ncompile_sdk: \"android-26\"\nsplits {\n}\n","variant":"id: 1\nis_debug: true\nminify_enabled: false\nuse_multidex: false\nuse_legacy_multidex: false\nvariant_type: APPLICATION\nmin_sdk_version {\n  api_level: 15\n}\ntarget_sdk_version {\n  api_level: 26\n}\ndex_builder: DX_DEXER\ndex_merger: DX_MERGER\n","task":"type: 65\ndid_work: true\nskipped: false\nup_to_date: false\nfailed: false\n"},"ph":"X","ts":1523880604624000,"dur":1606000},{"pid":1,"tid":2,"id":79,"name":"transform prep: external libs merger","args":{"span_id":"79","project":"id: 1\nandroid_plugin_version: \"3.0.1\"\nandroid_plugin: APPLICATION\nplugin_generation: FIRST\nbuild_tools_version: \"26.0.2\"\ncompile_sdk: \"android-26\"\nsplits {\n}\n","variant":"id: 1\nis_debug: true\nminify_enabled: false\nuse_multidex: false\nuse_legacy_multidex: false\nvariant_type: APPLICATION\nmin_sdk_version {\n  api_level: 15\n}\ntarget_sdk_version {\n  api_level: 26\n}\ndex_builder: DX_DEXER\ndex_merger: DX_MERGER\n","transform":"type: 34\nis_incremental: true\n"},"ph":"X","ts":1523880606247000,"dur":2000},{"pid":1,"tid":2,"id":80,"name":"transform: external libs merger","args":{"span_id":"80","project":"id: 1\nandroid_plugin_version: \"3.0.1\"\nandroid_plugin: APPLICATION\nplugin_generation: FIRST\nbuild_tools_version: \"26.0.2\"\ncompile_sdk: \"android-26\"\nsplits {\n}\n","variant":"id: 1\nis_debug: true\nminify_enabled: false\nuse_multidex: false\nuse_legacy_multidex: false\nvariant_type: APPLICATION\nmin_sdk_version {\n  api_level: 15\n}\ntarget_sdk_version {\n  api_level: 26\n}\ndex_builder: DX_DEXER\ndex_merger: DX_MERGER\n","transform":"type: 34\nis_incremental: true\n"},"ph":"X","ts":1523880606249000,"dur":2000},{"pid":1,"tid":0,"id":78,"name":"task: transform","args":{"span_id":"78","project":"id: 1\nandroid_plugin_version: \"3.0.1\"\nandroid_plugin: APPLICATION\nplugin_generation: FIRST\nbuild_tools_version: \"26.0.2\"\ncompile_sdk: \"android-26\"\nsplits {\n}\n","variant":"id: 1\nis_debug: true\nminify_enabled: false\nuse_multidex: false\nuse_legacy_multidex: false\nvariant_type: APPLICATION\nmin_sdk_version {\n  api_level: 15\n}\ntarget_sdk_version {\n  api_level: 26\n}\ndex_builder: DX_DEXER\ndex_merger: DX_MERGER\n","task":"type: 65\ndid_work: true\nskipped: false\nup_to_date: false\nfailed: false\n"},"ph":"X","ts":1523880606231000,"dur":21000},{"pid":1,"tid":2,"id":82,"name":"transform prep: dex merger","args":{"span_id":"82","project":"id: 1\nandroid_plugin_version: \"3.0.1\"\nandroid_plugin: APPLICATION\nplugin_generation: FIRST\nbuild_tools_version: \"26.0.2\"\ncompile_sdk: \"android-26\"\nsplits {\n}\n","variant":"id: 1\nis_debug: true\nminify_enabled: false\nuse_multidex: false\nuse_legacy_multidex: false\nvariant_type: APPLICATION\nmin_sdk_version {\n  api_level: 15\n}\ntarget_sdk_version {\n  api_level: 26\n}\ndex_builder: DX_DEXER\ndex_merger: DX_MERGER\n","transform":"type: 30\nis_incremental: true\n"},"ph":"X","ts":1523880606269000,"dur":2000},{"pid":1,"tid":2,"id":83,"name":"transform: dex merger","args":{"span_id":"83","project":"id: 1\nandroid_plugin_version: \"3.0.1\"\nandroid_plugin: APPLICATION\nplugin_generation: FIRST\nbuild_tools_version: \"26.0.2\"\ncompile_sdk: \"android-26\"\nsplits {\n}\n","variant":"id: 1\nis_debug: true\nminify_enabled: false\nuse_multidex: false\nuse_legacy_multidex: false\nvariant_type: APPLICATION\nmin_sdk_version {\n  api_level: 15\n}\ntarget_sdk_version {\n  api_level: 26\n}\ndex_builder: DX_DEXER\ndex_merger: DX_MERGER\n","transform":"type: 30\nis_incremental: true\n"},"ph":"X","ts":1523880606271000,"dur":165000},{"pid":1,"tid":0,"id":81,"name":"task: transform","args":{"span_id":"81","project":"id: 1\nandroid_plugin_version: \"3.0.1\"\nandroid_plugin: APPLICATION\nplugin_generation: FIRST\nbuild_tools_version: \"26.0.2\"\ncompile_sdk: \"android-26\"\nsplits {\n}\n","variant":"id: 1\nis_debug: true\nminify_enabled: false\nuse_multidex: false\nuse_legacy_multidex: false\nvariant_type: APPLICATION\nmin_sdk_version {\n  api_level: 15\n}\ntarget_sdk_version {\n  api_level: 26\n}\ndex_builder: DX_DEXER\ndex_merger: DX_MERGER\n","task":"type: 65\ndid_work: true\nskipped: false\nup_to_date: false\nfailed: false\n"},"ph":"X","ts":1523880606253000,"dur":188000},{"pid":1,"tid":0,"id":84,"name":"task: validate signing","args":{"span_id":"84","project":"id: 1\nandroid_plugin_version: \"3.0.1\"\nandroid_plugin: APPLICATION\nplugin_generation: FIRST\nbuild_tools_version: \"26.0.2\"\ncompile_sdk: \"android-26\"\nsplits {\n}\n","variant":"id: 1\nis_debug: true\nminify_enabled: false\nuse_multidex: false\nuse_legacy_multidex: false\nvariant_type: APPLICATION\nmin_sdk_version {\n  api_level: 15\n}\ntarget_sdk_version {\n  api_level: 26\n}\ndex_builder: DX_DEXER\ndex_merger: DX_MERGER\n","task":"type: 67\ndid_work: true\nskipped: false\nup_to_date: false\nfailed: false\n"},"ph":"X","ts":1523880606441000,"dur":12000},{"pid":1,"tid":2,"id":86,"name":"transform prep: instant run dependencies apk builder","args":{"span_id":"86","project":"id: 1\nandroid_plugin_version: \"3.0.1\"\nandroid_plugin: APPLICATION\nplugin_generation: FIRST\nbuild_tools_version: \"26.0.2\"\ncompile_sdk: \"android-26\"\nsplits {\n}\n","variant":"id: 1\nis_debug: true\nminify_enabled: false\nuse_multidex: false\nuse_legacy_multidex: false\nvariant_type: APPLICATION\nmin_sdk_version {\n  api_level: 15\n}\ntarget_sdk_version {\n  api_level: 26\n}\ndex_builder: DX_DEXER\ndex_merger: DX_MERGER\n","transform":"type: 23\nis_incremental: true\n"},"ph":"X","ts":1523880606459000,"dur":2000},{"pid":1,"tid":2,"id":87,"name":"transform: instant run dependencies apk builder","args":{"span_id":"87","project":"id: 1\nandroid_plugin_version: \"3.0.1\"\nandroid_plugin: APPLICATION\nplugin_generation: FIRST\nbuild_tools_version: \"26.0.2\"\ncompile_sdk: \"android-26\"\nsplits {\n}\n","variant":"id: 1\nis_debug: true\nminify_enabled: false\nuse_multidex: false\nuse_legacy_multidex: false\nvariant_type: APPLICATION\nmin_sdk_version {\n  api_level: 15\n}\ntarget_sdk_version {\n  api_level: 26\n}\ndex_builder: DX_DEXER\ndex_merger: DX_MERGER\n","transform":"type: 23\nis_incremental: true\n"},"ph":"X","ts":1523880606461000,"dur":1000},{"pid":1,"tid":0,"id":85,"name":"task: transform","args":{"span_id":"85","project":"id: 1\nandroid_plugin_version: \"3.0.1\"\nandroid_plugin: APPLICATION\nplugin_generation: FIRST\nbuild_tools_version: \"26.0.2\"\ncompile_sdk: \"android-26\"\nsplits {\n}\n","variant":"id: 1\nis_debug: true\nminify_enabled: false\nuse_multidex: false\nuse_legacy_multidex: false\nvariant_type: APPLICATION\nmin_sdk_version {\n  api_level: 15\n}\ntarget_sdk_version {\n  api_level: 26\n}\ndex_builder: DX_DEXER\ndex_merger: DX_MERGER\n","task":"type: 65\ndid_work: true\nskipped: false\nup_to_date: false\nfailed: false\n"},"ph":"X","ts":1523880606454000,"dur":9000},{"pid":1,"tid":2,"id":89,"name":"transform prep: instant run slice split apk builder","args":{"span_id":"89","project":"id: 1\nandroid_plugin_version: \"3.0.1\"\nandroid_plugin: APPLICATION\nplugin_generation: FIRST\nbuild_tools_version: \"26.0.2\"\ncompile_sdk: \"android-26\"\nsplits {\n}\n","variant":"id: 1\nis_debug: true\nminify_enabled: false\nuse_multidex: false\nuse_legacy_multidex: false\nvariant_type: APPLICATION\nmin_sdk_version {\n  api_level: 15\n}\ntarget_sdk_version {\n  api_level: 26\n}\ndex_builder: DX_DEXER\ndex_merger: DX_MERGER\n","transform":"type: 24\nis_incremental: true\n"},"ph":"X","ts":1523880606470000,"dur":1000},{"pid":1,"tid":2,"id":90,"name":"transform: instant run slice split apk builder","args":{"span_id":"90","project":"id: 1\nandroid_plugin_version: \"3.0.1\"\nandroid_plugin: APPLICATION\nplugin_generation: FIRST\nbuild_tools_version: \"26.0.2\"\ncompile_sdk: \"android-26\"\nsplits {\n}\n","variant":"id: 1\nis_debug: true\nminify_enabled: false\nuse_multidex: false\nuse_legacy_multidex: false\nvariant_type: APPLICATION\nmin_sdk_version {\n  api_level: 15\n}\ntarget_sdk_version {\n  api_level: 26\n}\ndex_builder: DX_DEXER\ndex_merger: DX_MERGER\n","transform":"type: 24\nis_incremental: true\n"},"ph":"X","ts":1523880606472000,"dur":301000},{"pid":1,"tid":0,"id":88,"name":"task: transform","args":{"span_id":"88","project":"id: 1\nandroid_plugin_version: \"3.0.1\"\nandroid_plugin: APPLICATION\nplugin_generation: FIRST\nbuild_tools_version: \"26.0.2\"\ncompile_sdk: \"android-26\"\nsplits {\n}\n","variant":"id: 1\nis_debug: true\nminify_enabled: false\nuse_multidex: false\nuse_legacy_multidex: false\nvariant_type: APPLICATION\nmin_sdk_version {\n  api_level: 15\n}\ntarget_sdk_version {\n  api_level: 26\n}\ndex_builder: DX_DEXER\ndex_merger: DX_MERGER\n","task":"type: 65\ndid_work: true\nskipped: false\nup_to_date: false\nfailed: false\n"},"ph":"X","ts":1523880606464000,"dur":310000},{"pid":1,"tid":0,"id":91,"name":"task: package application","args":{"span_id":"91","project":"id: 1\nandroid_plugin_version: \"3.0.1\"\nandroid_plugin: APPLICATION\nplugin_generation: FIRST\nbuild_tools_version: \"26.0.2\"\ncompile_sdk: \"android-26\"\nsplits {\n}\n","variant":"id: 1\nis_debug: true\nminify_enabled: false\nuse_multidex: false\nuse_legacy_multidex: false\nvariant_type: APPLICATION\nmin_sdk_version {\n  api_level: 15\n}\ntarget_sdk_version {\n  api_level: 26\n}\ndex_builder: DX_DEXER\ndex_merger: DX_MERGER\n","task":"type: 45\ndid_work: false\nskipped: true\nup_to_date: true\nfailed: false\n"},"ph":"X","ts":1523880606775000,"dur":11000},{"pid":1,"tid":0,"id":92,"name":"task: build info writer","args":{"span_id":"92","project":"id: 1\nandroid_plugin_version: \"3.0.1\"\nandroid_plugin: APPLICATION\nplugin_generation: FIRST\nbuild_tools_version: \"26.0.2\"\ncompile_sdk: \"android-26\"\nsplits {\n}\n","variant":"id: 1\nis_debug: true\nminify_enabled: false\nuse_multidex: false\nuse_legacy_multidex: false\nvariant_type: APPLICATION\nmin_sdk_version {\n  api_level: 15\n}\ntarget_sdk_version {\n  api_level: 26\n}\ndex_builder: DX_DEXER\ndex_merger: DX_MERGER\n","task":"type: 70\ndid_work: true\nskipped: false\nup_to_date: false\nfailed: false\n"},"ph":"X","ts":1523880606787000,"dur":14000},{"pid":1,"tid":0,"id":93,"name":"task: unknown task type","args":{"span_id":"93","project":"id: 1\nandroid_plugin_version: \"3.0.1\"\nandroid_plugin: APPLICATION\nplugin_generation: FIRST\nbuild_tools_version: \"26.0.2\"\ncompile_sdk: \"android-26\"\nsplits {\n}\n","task":"type: 0\ndid_work: false\nskipped: true\nup_to_date: true\nfailed: false\n"},"ph":"X","ts":1523880606801000,"dur":1000},{"pid":1,"tid":0,"id":94,"name":"task: unknown task type","args":{"span_id":"94","project":"id: 1\nandroid_plugin_version: \"3.0.1\"\nandroid_plugin: APPLICATION\nplugin_generation: FIRST\nbuild_tools_version: \"26.0.2\"\ncompile_sdk: \"android-26\"\nsplits {\n}\n","task":"type: 0\ndid_work: false\nskipped: false\nup_to_date: false\nfailed: false\n"},"ph":"X","ts":1523880606802000,"dur":100},{"pid":1,"tid":1,"id":95,"name":"base plugin build finished","args":{"span_id":"95","project":"id: 1\nandroid_plugin_version: \"3.0.1\"\nandroid_plugin: APPLICATION\nplugin_generation: FIRST\nbuild_tools_version: \"26.0.2\"\ncompile_sdk: \"android-26\"\nsplits {\n}\n"},"ph":"X","ts":1523880606946000,"dur":9000}]