[{"pid":0,"ph":"i","name":"Memory sample","ts":1523843669675000,"args":{"JVM stats":"heap_memory_usage: 320372200\nnon_heap_memory_usage: 156890432\nloaded_class_count: 15477\nthread_count: 27\ngarbage_collection_stats {\n  name: \"PS Scavenge\"\n  gc_collections: 0\n  gc_time: 0\n}\ngarbage_collection_stats {\n  name: \"PS MarkSweep\"\n  gc_collections: 0\n  gc_time: 0\n}\n"}},{"pid":0,"ph":"i","name":"Memory sample","ts":1523843669758000,"args":{"JVM stats":"heap_memory_usage: 331829232\nnon_heap_memory_usage: 157163664\nloaded_class_count: 15484\nthread_count: 36\ngarbage_collection_stats {\n  name: \"PS Scavenge\"\n  gc_collections: 0\n  gc_time: 0\n}\ngarbage_collection_stats {\n  name: \"PS MarkSweep\"\n  gc_collections: 0\n  gc_time: 0\n}\n"}},{"pid":0,"ph":"i","name":"Memory sample","ts":1523843669759000,"args":{"JVM stats":"heap_memory_usage: 331829232\nnon_heap_memory_usage: 157167544\nloaded_class_count: 15484\nthread_count: 36\ngarbage_collection_stats {\n  name: \"PS Scavenge\"\n  gc_collections: 0\n  gc_time: 0\n}\ngarbage_collection_stats {\n  name: \"PS MarkSweep\"\n  gc_collections: 0\n  gc_time: 0\n}\n"}},{"pid":0,"ph":"i","name":"Memory sample","ts":1523843669824000,"args":{"JVM stats":"heap_memory_usage: 342507184\nnon_heap_memory_usage: 157189880\nloaded_class_count: 15484\nthread_count: 36\ngarbage_collection_stats {\n  name: \"PS Scavenge\"\n  gc_collections: 0\n  gc_time: 0\n}\ngarbage_collection_stats {\n  name: \"PS MarkSweep\"\n  gc_collections: 0\n  gc_time: 0\n}\n"}},{"pid":0,"ph":"i","name":"Memory sample","ts":1523843669834000,"args":{"JVM stats":"heap_memory_usage: 343306512\nnon_heap_memory_usage: 157195952\nloaded_class_count: 15484\nthread_count: 36\ngarbage_collection_stats {\n  name: \"PS Scavenge\"\n  gc_collections: 0\n  gc_time: 0\n}\ngarbage_collection_stats {\n  name: \"PS MarkSweep\"\n  gc_collections: 0\n  gc_time: 0\n}\n"}},{"pid":0,"ph":"i","name":"Memory sample","ts":1523843669840000,"args":{"JVM stats":"heap_memory_usage: 343306512\nnon_heap_memory_usage: 157196608\nloaded_class_count: 15484\nthread_count: 36\ngarbage_collection_stats {\n  name: \"PS Scavenge\"\n  gc_collections: 0\n  gc_time: 0\n}\ngarbage_collection_stats {\n  name: \"PS MarkSweep\"\n  gc_collections: 0\n  gc_time: 0\n}\n"}},{"pid":0,"ph":"i","name":"Memory sample","ts":1523843669842000,"args":{"JVM stats":"heap_memory_usage: 343306512\nnon_heap_memory_usage: 157199104\nloaded_class_count: 15484\nthread_count: 36\ngarbage_collection_stats {\n  name: \"PS Scavenge\"\n  gc_collections: 0\n  gc_time: 0\n}\ngarbage_collection_stats {\n  name: \"PS MarkSweep\"\n  gc_collections: 0\n  gc_time: 0\n}\n"}},{"pid":0,"ph":"i","name":"Memory sample","ts":1523843669843000,"args":{"JVM stats":"heap_memory_usage: 343572920\nnon_heap_memory_usage: 157199104\nloaded_class_count: 15484\nthread_count: 36\ngarbage_collection_stats {\n  name: \"PS Scavenge\"\n  gc_collections: 0\n  gc_time: 0\n}\ngarbage_collection_stats {\n  name: \"PS MarkSweep\"\n  gc_collections: 0\n  gc_time: 0\n}\n"}},{"pid":0,"ph":"i","name":"Memory sample","ts":1523843669848000,"args":{"JVM stats":"heap_memory_usage: 343572920\nnon_heap_memory_usage: 157213400\nloaded_class_count: 15484\nthread_count: 36\ngarbage_collection_stats {\n  name: \"PS Scavenge\"\n  gc_collections: 0\n  gc_time: 0\n}\ngarbage_collection_stats {\n  name: \"PS MarkSweep\"\n  gc_collections: 0\n  gc_time: 0\n}\n"}},{"pid":0,"ph":"i","name":"Memory sample","ts":1523843669849000,"args":{"JVM stats":"heap_memory_usage: 343572920\nnon_heap_memory_usage: 157218648\nloaded_class_count: 15484\nthread_count: 36\ngarbage_collection_stats {\n  name: \"PS Scavenge\"\n  gc_collections: 0\n  gc_time: 0\n}\ngarbage_collection_stats {\n  name: \"PS MarkSweep\"\n  gc_collections: 0\n  gc_time: 0\n}\n"}},{"pid":0,"ph":"i","name":"Memory sample","ts":1523843669850000,"args":{"JVM stats":"heap_memory_usage: 343572920\nnon_heap_memory_usage: 157218648\nloaded_class_count: 15484\nthread_count: 36\ngarbage_collection_stats {\n  name: \"PS Scavenge\"\n  gc_collections: 0\n  gc_time: 0\n}\ngarbage_collection_stats {\n  name: \"PS MarkSweep\"\n  gc_collections: 0\n  gc_time: 0\n}\n"}},{"pid":0,"ph":"i","name":"Memory sample","ts":1523843670111000,"args":{"JVM stats":"heap_memory_usage: 390733144\nnon_heap_memory_usage: 157377472\nloaded_class_count: 15488\nthread_count: 45\ngarbage_collection_stats {\n  name: \"PS Scavenge\"\n  gc_collections: 0\n  gc_time: 0\n}\ngarbage_collection_stats {\n  name: \"PS MarkSweep\"\n  gc_collections: 0\n  gc_time: 0\n}\n"}},{"pid":0,"ph":"i","name":"Memory sample","ts":1523843670112000,"args":{"JVM stats":"heap_memory_usage: 390864232\nnon_heap_memory_usage: 157377472\nloaded_class_count: 15488\nthread_count: 45\ngarbage_collection_stats {\n  name: \"PS Scavenge\"\n  gc_collections: 0\n  gc_time: 0\n}\ngarbage_collection_stats {\n  name: \"PS MarkSweep\"\n  gc_collections: 0\n  gc_time: 0\n}\n"}},{"pid":0,"ph":"i","name":"Memory sample","ts":1523843670119000,"args":{"JVM stats":"heap_memory_usage: 392201816\nnon_heap_memory_usage: 157377472\nloaded_class_count: 15488\nthread_count: 45\ngarbage_collection_stats {\n  name: \"PS Scavenge\"\n  gc_collections: 0\n  gc_time: 0\n}\ngarbage_collection_stats {\n  name: \"PS MarkSweep\"\n  gc_collections: 0\n  gc_time: 0\n}\n"}},{"pid":0,"ph":"i","name":"Memory sample","ts":1523843670120000,"args":{"JVM stats":"heap_memory_usage: 392468304\nnon_heap_memory_usage: 157381864\nloaded_class_count: 15488\nthread_count: 45\ngarbage_collection_stats {\n  name: \"PS Scavenge\"\n  gc_collections: 0\n  gc_time: 0\n}\ngarbage_collection_stats {\n  name: \"PS MarkSweep\"\n  gc_collections: 0\n  gc_time: 0\n}\n"}},{"pid":0,"ph":"i","name":"Memory sample","ts":1523843670669000,"args":{"JVM stats":"heap_memory_usage: 418106792\nnon_heap_memory_usage: 157494192\nloaded_class_count: 15493\nthread_count: 45\ngarbage_collection_stats {\n  name: \"PS Scavenge\"\n  gc_collections: 0\n  gc_time: 0\n}\ngarbage_collection_stats {\n  name: \"PS MarkSweep\"\n  gc_collections: 0\n  gc_time: 0\n}\n"}},{"pid":0,"ph":"i","name":"Memory sample","ts":1523843670669001,"args":{"JVM stats":"heap_memory_usage: 418373232\nnon_heap_memory_usage: 157494192\nloaded_class_count: 15493\nthread_count: 45\ngarbage_collection_stats {\n  name: \"PS Scavenge\"\n  gc_collections: 0\n  gc_time: 0\n}\ngarbage_collection_stats {\n  name: \"PS MarkSweep\"\n  gc_collections: 0\n  gc_time: 0\n}\n"}},{"pid":0,"ph":"i","name":"Memory sample","ts":1523843670677000,"args":{"JVM stats":"heap_memory_usage: 419439616\nnon_heap_memory_usage: 157498544\nloaded_class_count: 15494\nthread_count: 45\ngarbage_collection_stats {\n  name: \"PS Scavenge\"\n  gc_collections: 0\n  gc_time: 0\n}\ngarbage_collection_stats {\n  name: \"PS MarkSweep\"\n  gc_collections: 0\n  gc_time: 0\n}\n"}},{"pid":0,"ph":"i","name":"Memory sample","ts":1523843670697000,"args":{"JVM stats":"heap_memory_usage: 420505504\nnon_heap_memory_usage: 157507336\nloaded_class_count: 15495\nthread_count: 45\ngarbage_collection_stats {\n  name: \"PS Scavenge\"\n  gc_collections: 0\n  gc_time: 0\n}\ngarbage_collection_stats {\n  name: \"PS MarkSweep\"\n  gc_collections: 0\n  gc_time: 0\n}\n"}},{"pid":0,"ph":"i","name":"Memory sample","ts":1523843670699000,"args":{"JVM stats":"heap_memory_usage: 420505504\nnon_heap_memory_usage: 157511176\nloaded_class_count: 15495\nthread_count: 45\ngarbage_collection_stats {\n  name: \"PS Scavenge\"\n  gc_collections: 0\n  gc_time: 0\n}\ngarbage_collection_stats {\n  name: \"PS MarkSweep\"\n  gc_collections: 0\n  gc_time: 0\n}\n"}},{"pid":0,"ph":"i","name":"Memory sample","ts":1523843670701000,"args":{"JVM stats":"heap_memory_usage: 420505504\nnon_heap_memory_usage: 157511176\nloaded_class_count: 15495\nthread_count: 45\ngarbage_collection_stats {\n  name: \"PS Scavenge\"\n  gc_collections: 0\n  gc_time: 0\n}\ngarbage_collection_stats {\n  name: \"PS MarkSweep\"\n  gc_collections: 0\n  gc_time: 0\n}\n"}},{"pid":0,"ph":"i","name":"Memory sample","ts":1523843670702000,"args":{"JVM stats":"heap_memory_usage: 420505504\nnon_heap_memory_usage: 157513248\nloaded_class_count: 15496\nthread_count: 45\ngarbage_collection_stats {\n  name: \"PS Scavenge\"\n  gc_collections: 0\n  gc_time: 0\n}\ngarbage_collection_stats {\n  name: \"PS MarkSweep\"\n  gc_collections: 0\n  gc_time: 0\n}\n"}},{"pid":0,"ph":"i","name":"Memory sample","ts":1523843670711000,"args":{"JVM stats":"heap_memory_usage: 421305128\nnon_heap_memory_usage: 157520336\nloaded_class_count: 15498\nthread_count: 45\ngarbage_collection_stats {\n  name: \"PS Scavenge\"\n  gc_collections: 0\n  gc_time: 0\n}\ngarbage_collection_stats {\n  name: \"PS MarkSweep\"\n  gc_collections: 0\n  gc_time: 0\n}\n"}},{"pid":0,"ph":"i","name":"Memory sample","ts":1523843670791000,"args":{"JVM stats":"heap_memory_usage: 437868040\nnon_heap_memory_usage: 157560040\nloaded_class_count: 15504\nthread_count: 46\ngarbage_collection_stats {\n  name: \"PS Scavenge\"\n  gc_collections: 0\n  gc_time: 0\n}\ngarbage_collection_stats {\n  name: \"PS MarkSweep\"\n  gc_collections: 0\n  gc_time: 0\n}\n"}},{"pid":0,"ph":"i","name":"Memory sample","ts":1523843670797000,"args":{"JVM stats":"heap_memory_usage: 438142296\nnon_heap_memory_usage: 157566248\nloaded_class_count: 15504\nthread_count: 46\ngarbage_collection_stats {\n  name: \"PS Scavenge\"\n  gc_collections: 0\n  gc_time: 0\n}\ngarbage_collection_stats {\n  name: \"PS MarkSweep\"\n  gc_collections: 0\n  gc_time: 0\n}\n"}},{"pid":0,"ph":"i","name":"Memory sample","ts":1523843670799000,"args":{"JVM stats":"heap_memory_usage: 438142296\nnon_heap_memory_usage: 157566248\nloaded_class_count: 15504\nthread_count: 46\ngarbage_collection_stats {\n  name: \"PS Scavenge\"\n  gc_collections: 0\n  gc_time: 0\n}\ngarbage_collection_stats {\n  name: \"PS MarkSweep\"\n  gc_collections: 0\n  gc_time: 0\n}\n"}},{"pid":0,"ph":"i","name":"Memory sample","ts":1523843670814000,"args":{"JVM stats":"heap_memory_usage: 438941704\nnon_heap_memory_usage: 157566248\nloaded_class_count: 15504\nthread_count: 46\ngarbage_collection_stats {\n  name: \"PS Scavenge\"\n  gc_collections: 0\n  gc_time: 0\n}\ngarbage_collection_stats {\n  name: \"PS MarkSweep\"\n  gc_collections: 0\n  gc_time: 0\n}\n"}},{"pid":0,"ph":"i","name":"Memory sample","ts":1523843670820000,"args":{"JVM stats":"heap_memory_usage: 439741328\nnon_heap_memory_usage: 157566248\nloaded_class_count: 15504\nthread_count: 46\ngarbage_collection_stats {\n  name: \"PS Scavenge\"\n  gc_collections: 0\n  gc_time: 0\n}\ngarbage_collection_stats {\n  name: \"PS MarkSweep\"\n  gc_collections: 0\n  gc_time: 0\n}\n"}},{"pid":0,"ph":"i","name":"Memory sample","ts":1523843670822000,"args":{"JVM stats":"heap_memory_usage: 439741328\nnon_heap_memory_usage: 157566248\nloaded_class_count: 15504\nthread_count: 46\ngarbage_collection_stats {\n  name: \"PS Scavenge\"\n  gc_collections: 0\n  gc_time: 0\n}\ngarbage_collection_stats {\n  name: \"PS MarkSweep\"\n  gc_collections: 0\n  gc_time: 0\n}\n"}},{"pid":0,"ph":"i","name":"Memory sample","ts":1523843670825000,"args":{"JVM stats":"heap_memory_usage: 440007784\nnon_heap_memory_usage: 157569424\nloaded_class_count: 15504\nthread_count: 46\ngarbage_collection_stats {\n  name: \"PS Scavenge\"\n  gc_collections: 0\n  gc_time: 0\n}\ngarbage_collection_stats {\n  name: \"PS MarkSweep\"\n  gc_collections: 0\n  gc_time: 0\n}\n"}},{"pid":0,"ph":"i","name":"Memory sample","ts":1523843670840000,"args":{"JVM stats":"heap_memory_usage: 441873088\nnon_heap_memory_usage: 157609472\nloaded_class_count: 15504\nthread_count: 46\ngarbage_collection_stats {\n  name: \"PS Scavenge\"\n  gc_collections: 0\n  gc_time: 0\n}\ngarbage_collection_stats {\n  name: \"PS MarkSweep\"\n  gc_collections: 0\n  gc_time: 0\n}\n"}},{"pid":0,"ph":"i","name":"Memory sample","ts":1523843670842000,"args":{"JVM stats":"heap_memory_usage: 441873088\nnon_heap_memory_usage: 157609472\nloaded_class_count: 15504\nthread_count: 45\ngarbage_collection_stats {\n  name: \"PS Scavenge\"\n  gc_collections: 0\n  gc_time: 0\n}\ngarbage_collection_stats {\n  name: \"PS MarkSweep\"\n  gc_collections: 0\n  gc_time: 0\n}\n"}},{"pid":0,"ph":"i","name":"Memory sample","ts":1523843670855000,"args":{"JVM stats":"heap_memory_usage: 442941200\nnon_heap_memory_usage: 157636736\nloaded_class_count: 15504\nthread_count: 45\ngarbage_collection_stats {\n  name: \"PS Scavenge\"\n  gc_collections: 0\n  gc_time: 0\n}\ngarbage_collection_stats {\n  name: \"PS MarkSweep\"\n  gc_collections: 0\n  gc_time: 0\n}\n"}},{"pid":0,"ph":"i","name":"Memory sample","ts":1523843670857000,"args":{"JVM stats":"heap_memory_usage: 443151848\nnon_heap_memory_usage: 157636736\nloaded_class_count: 15504\nthread_count: 45\ngarbage_collection_stats {\n  name: \"PS Scavenge\"\n  gc_collections: 0\n  gc_time: 0\n}\ngarbage_collection_stats {\n  name: \"PS MarkSweep\"\n  gc_collections: 0\n  gc_time: 0\n}\n"}},{"pid":0,"ph":"i","name":"Memory sample","ts":1523843670909000,"args":{"JVM stats":"heap_memory_usage: 94587456\nnon_heap_memory_usage: 157647616\nloaded_class_count: 15504\nthread_count: 45\ngarbage_collection_stats {\n  name: \"PS Scavenge\"\n  gc_collections: 1\n  gc_time: 18\n}\ngarbage_collection_stats {\n  name: \"PS MarkSweep\"\n  gc_collections: 0\n  gc_time: 0\n}\n"}},{"pid":0,"ph":"i","name":"Memory sample","ts":1523843670916000,"args":{"JVM stats":"heap_memory_usage: 94736352\nnon_heap_memory_usage: 157599304\nloaded_class_count: 15508\nthread_count: 45\ngarbage_collection_stats {\n  name: \"PS Scavenge\"\n  gc_collections: 0\n  gc_time: 0\n}\ngarbage_collection_stats {\n  name: \"PS MarkSweep\"\n  gc_collections: 0\n  gc_time: 0\n}\n"}},{"pid":0,"ph":"i","name":"Memory sample","ts":1523843670917000,"args":{"JVM stats":"heap_memory_usage: 94782936\nnon_heap_memory_usage: 157597000\nloaded_class_count: 15508\nthread_count: 45\ngarbage_collection_stats {\n  name: \"PS Scavenge\"\n  gc_collections: 0\n  gc_time: 0\n}\ngarbage_collection_stats {\n  name: \"PS MarkSweep\"\n  gc_collections: 0\n  gc_time: 0\n}\n"}},{"pid":0,"ph":"i","name":"Memory sample","ts":1523843670918000,"args":{"JVM stats":"heap_memory_usage: 94931800\nnon_heap_memory_usage: 157584448\nloaded_class_count: 15509\nthread_count: 45\ngarbage_collection_stats {\n  name: \"PS Scavenge\"\n  gc_collections: 0\n  gc_time: 0\n}\ngarbage_collection_stats {\n  name: \"PS MarkSweep\"\n  gc_collections: 0\n  gc_time: 0\n}\n"}},{"pid":0,"ph":"i","name":"Memory sample","ts":1523843670920000,"args":{"JVM stats":"heap_memory_usage: 94931800\nnon_heap_memory_usage: 157581632\nloaded_class_count: 15509\nthread_count: 45\ngarbage_collection_stats {\n  name: \"PS Scavenge\"\n  gc_collections: 0\n  gc_time: 0\n}\ngarbage_collection_stats {\n  name: \"PS MarkSweep\"\n  gc_collections: 0\n  gc_time: 0\n}\n"}},{"pid":0,"ph":"i","name":"Memory sample","ts":1523843670921000,"args":{"JVM stats":"heap_memory_usage: 94931800\nnon_heap_memory_usage: 157578424\nloaded_class_count: 15510\nthread_count: 45\ngarbage_collection_stats {\n  name: \"PS Scavenge\"\n  gc_collections: 0\n  gc_time: 0\n}\ngarbage_collection_stats {\n  name: \"PS MarkSweep\"\n  gc_collections: 0\n  gc_time: 0\n}\n"}},{"pid":0,"ph":"i","name":"Memory sample","ts":1523843670922000,"args":{"JVM stats":"heap_memory_usage: 94931800\nnon_heap_memory_usage: 157569208\nloaded_class_count: 15510\nthread_count: 45\ngarbage_collection_stats {\n  name: \"PS Scavenge\"\n  gc_collections: 0\n  gc_time: 0\n}\ngarbage_collection_stats {\n  name: \"PS MarkSweep\"\n  gc_collections: 0\n  gc_time: 0\n}\n"}},{"pid":0,"ph":"i","name":"Memory sample","ts":1523843670923000,"args":{"JVM stats":"heap_memory_usage: 94931800\nnon_heap_memory_usage: 157570424\nloaded_class_count: 15510\nthread_count: 45\ngarbage_collection_stats {\n  name: \"PS Scavenge\"\n  gc_collections: 0\n  gc_time: 0\n}\ngarbage_collection_stats {\n  name: \"PS MarkSweep\"\n  gc_collections: 0\n  gc_time: 0\n}\n"}},{"pid":0,"ph":"i","name":"Memory sample","ts":1523843670948000,"args":{"JVM stats":"heap_memory_usage: 95874816\nnon_heap_memory_usage: 157541936\nloaded_class_count: 15510\nthread_count: 45\ngarbage_collection_stats {\n  name: \"PS Scavenge\"\n  gc_collections: 0\n  gc_time: 0\n}\ngarbage_collection_stats {\n  name: \"PS MarkSweep\"\n  gc_collections: 0\n  gc_time: 0\n}\n"}},{"pid":0,"ph":"i","name":"Memory sample","ts":1523843670951000,"args":{"JVM stats":"heap_memory_usage: 95874816\nnon_heap_memory_usage: 157530176\nloaded_class_count: 15510\nthread_count: 45\ngarbage_collection_stats {\n  name: \"PS Scavenge\"\n  gc_collections: 0\n  gc_time: 0\n}\ngarbage_collection_stats {\n  name: \"PS MarkSweep\"\n  gc_collections: 0\n  gc_time: 0\n}\n"}},{"pid":0,"ph":"i","name":"Memory sample","ts":1523843670954000,"args":{"JVM stats":"heap_memory_usage: 95874816\nnon_heap_memory_usage: 157531456\nloaded_class_count: 15510\nthread_count: 45\ngarbage_collection_stats {\n  name: \"PS Scavenge\"\n  gc_collections: 0\n  gc_time: 0\n}\ngarbage_collection_stats {\n  name: \"PS MarkSweep\"\n  gc_collections: 0\n  gc_time: 0\n}\n"}},{"pid":0,"ph":"i","name":"Memory sample","ts":1523843670963000,"args":{"JVM stats":"heap_memory_usage: 95874816\nnon_heap_memory_usage: 157531456\nloaded_class_count: 15510\nthread_count: 45\ngarbage_collection_stats {\n  name: \"PS Scavenge\"\n  gc_collections: 0\n  gc_time: 0\n}\ngarbage_collection_stats {\n  name: \"PS MarkSweep\"\n  gc_collections: 0\n  gc_time: 0\n}\n"}},{"pid":0,"ph":"i","name":"Memory sample","ts":1523843670967000,"args":{"JVM stats":"heap_memory_usage: 96021408\nnon_heap_memory_usage: 157532520\nloaded_class_count: 15510\nthread_count: 45\ngarbage_collection_stats {\n  name: \"PS Scavenge\"\n  gc_collections: 0\n  gc_time: 0\n}\ngarbage_collection_stats {\n  name: \"PS MarkSweep\"\n  gc_collections: 0\n  gc_time: 0\n}\n"}},{"pid":0,"ph":"i","name":"Memory sample","ts":1523843670970000,"args":{"JVM stats":"heap_memory_usage: 96021408\nnon_heap_memory_usage: 157548520\nloaded_class_count: 15510\nthread_count: 45\ngarbage_collection_stats {\n  name: \"PS Scavenge\"\n  gc_collections: 0\n  gc_time: 0\n}\ngarbage_collection_stats {\n  name: \"PS MarkSweep\"\n  gc_collections: 0\n  gc_time: 0\n}\n"}},{"pid":0,"ph":"i","name":"Memory sample","ts":1523843670973000,"args":{"JVM stats":"heap_memory_usage: 96964456\nnon_heap_memory_usage: 157550120\nloaded_class_count: 15510\nthread_count: 45\ngarbage_collection_stats {\n  name: \"PS Scavenge\"\n  gc_collections: 0\n  gc_time: 0\n}\ngarbage_collection_stats {\n  name: \"PS MarkSweep\"\n  gc_collections: 0\n  gc_time: 0\n}\n"}},{"pid":0,"ph":"i","name":"Memory sample","ts":1523843670973001,"args":{"JVM stats":"heap_memory_usage: 96964456\nnon_heap_memory_usage: 157554280\nloaded_class_count: 15510\nthread_count: 45\ngarbage_collection_stats {\n  name: \"PS Scavenge\"\n  gc_collections: 0\n  gc_time: 0\n}\ngarbage_collection_stats {\n  name: \"PS MarkSweep\"\n  gc_collections: 0\n  gc_time: 0\n}\n"}},{"pid":0,"ph":"i","name":"Memory sample","ts":1523843670974000,"args":{"JVM stats":"heap_memory_usage: 96964456\nnon_heap_memory_usage: 157554280\nloaded_class_count: 15510\nthread_count: 45\ngarbage_collection_stats {\n  name: \"PS Scavenge\"\n  gc_collections: 0\n  gc_time: 0\n}\ngarbage_collection_stats {\n  name: \"PS MarkSweep\"\n  gc_collections: 0\n  gc_time: 0\n}\n"}},{"pid":0,"ph":"i","name":"Memory sample","ts":1523843670990000,"args":{"JVM stats":"heap_memory_usage: 97806792\nnon_heap_memory_usage: 157626856\nloaded_class_count: 15510\nthread_count: 36\ngarbage_collection_stats {\n  name: \"PS Scavenge\"\n  gc_collections: 0\n  gc_time: 0\n}\ngarbage_collection_stats {\n  name: \"PS MarkSweep\"\n  gc_collections: 0\n  gc_time: 0\n}\n"}},{"pid":1,"tid":10,"id":2,"name":"base plugin project configure","args":{"span_id":"2","project":"id: 1\nandroid_plugin_version: \"3.0.1\"\nandroid_plugin: APPLICATION\nplugin_generation: FIRST\nbuild_tools_version: \"26.0.2\"\ncompile_sdk: \"android-26\"\nsplits {\n}\n"},"ph":"X","ts":1523843669675000,"dur":4000},{"pid":1,"tid":10,"id":3,"name":"base plugin project base extension creation","args":{"span_id":"3","project":"id: 1\nandroid_plugin_version: \"3.0.1\"\nandroid_plugin: APPLICATION\nplugin_generation: FIRST\nbuild_tools_version: \"26.0.2\"\ncompile_sdk: \"android-26\"\nsplits {\n}\n"},"ph":"X","ts":1523843669679000,"dur":3000},{"pid":1,"tid":10,"id":5,"name":"task manager create tasks","args":{"span_id":"5","project":"id: 1\nandroid_plugin_version: \"3.0.1\"\nandroid_plugin: APPLICATION\nplugin_generation: FIRST\nbuild_tools_version: \"26.0.2\"\ncompile_sdk: \"android-26\"\nsplits {\n}\n"},"ph":"X","ts":1523843669682000,"dur":2000},{"pid":1,"tid":10,"id":4,"name":"base plugin project tasks creation","args":{"span_id":"4","project":"id: 1\nandroid_plugin_version: \"3.0.1\"\nandroid_plugin: APPLICATION\nplugin_generation: FIRST\nbuild_tools_version: \"26.0.2\"\ncompile_sdk: \"android-26\"\nsplits {\n}\n"},"ph":"X","ts":1523843669682000,"dur":2000},{"pid":1,"tid":10,"id":8,"name":"variant manager create variants","args":{"span_id":"8","project":"id: 1\nandroid_plugin_version: \"3.0.1\"\nandroid_plugin: APPLICATION\nplugin_generation: FIRST\nbuild_tools_version: \"26.0.2\"\ncompile_sdk: \"android-26\"\nsplits {\n}\n"},"ph":"X","ts":1523843669691000,"dur":3000},{"pid":1,"tid":10,"id":9,"name":"variant manager create tests tasks","args":{"span_id":"9","project":"id: 1\nandroid_plugin_version: \"3.0.1\"\nandroid_plugin: APPLICATION\nplugin_generation: FIRST\nbuild_tools_version: \"26.0.2\"\ncompile_sdk: \"android-26\"\nsplits {\n}\n"},"ph":"X","ts":1523843669694000,"dur":1000},{"pid":1,"tid":10,"id":11,"name":"app task manager create merge manifest task","args":{"span_id":"11","project":"id: 1\nandroid_plugin_version: \"3.0.1\"\nandroid_plugin: APPLICATION\nplugin_generation: FIRST\nbuild_tools_version: \"26.0.2\"\ncompile_sdk: \"android-26\"\nsplits {\n}\n","variant":"id: 1\nis_debug: true\nminify_enabled: false\nuse_multidex: false\nuse_legacy_multidex: false\nvariant_type: APPLICATION\nmin_sdk_version {\n  api_level: 15\n}\ntarget_sdk_version {\n  api_level: 26\n}\ndex_builder: DX_DEXER\ndex_merger: DX_MERGER\n"},"ph":"X","ts":1523843669696000,"dur":1000},{"pid":1,"tid":10,"id":12,"name":"app task manager create generate res values task","args":{"span_id":"12","project":"id: 1\nandroid_plugin_version: \"3.0.1\"\nandroid_plugin: APPLICATION\nplugin_generation: FIRST\nbuild_tools_version: \"26.0.2\"\ncompile_sdk: \"android-26\"\nsplits {\n}\n","variant":"id: 1\nis_debug: true\nminify_enabled: false\nuse_multidex: false\nuse_legacy_multidex: false\nvariant_type: APPLICATION\nmin_sdk_version {\n  api_level: 15\n}\ntarget_sdk_version {\n  api_level: 26\n}\ndex_builder: DX_DEXER\ndex_merger: DX_MERGER\n"},"ph":"X","ts":1523843669697000,"dur":100},{"pid":1,"tid":10,"id":13,"name":"app task manager create create renderscript task","args":{"span_id":"13","project":"id: 1\nandroid_plugin_version: \"3.0.1\"\nandroid_plugin: APPLICATION\nplugin_generation: FIRST\nbuild_tools_version: \"26.0.2\"\ncompile_sdk: \"android-26\"\nsplits {\n}\n","variant":"id: 1\nis_debug: true\nminify_enabled: false\nuse_multidex: false\nuse_legacy_multidex: false\nvariant_type: APPLICATION\nmin_sdk_version {\n  api_level: 15\n}\ntarget_sdk_version {\n  api_level: 26\n}\ndex_builder: DX_DEXER\ndex_merger: DX_MERGER\n"},"ph":"X","ts":1523843669698000,"dur":100},{"pid":1,"tid":10,"id":14,"name":"app task manager create merge resources task","args":{"span_id":"14","project":"id: 1\nandroid_plugin_version: \"3.0.1\"\nandroid_plugin: APPLICATION\nplugin_generation: FIRST\nbuild_tools_version: \"26.0.2\"\ncompile_sdk: \"android-26\"\nsplits {\n}\n","variant":"id: 1\nis_debug: true\nminify_enabled: false\nuse_multidex: false\nuse_legacy_multidex: false\nvariant_type: APPLICATION\nmin_sdk_version {\n  api_level: 15\n}\ntarget_sdk_version {\n  api_level: 26\n}\ndex_builder: DX_DEXER\ndex_merger: DX_MERGER\n"},"ph":"X","ts":1523843669698000,"dur":1000},{"pid":1,"tid":10,"id":15,"name":"app task manager create merge assets task","args":{"span_id":"15","project":"id: 1\nandroid_plugin_version: \"3.0.1\"\nandroid_plugin: APPLICATION\nplugin_generation: FIRST\nbuild_tools_version: \"26.0.2\"\ncompile_sdk: \"android-26\"\nsplits {\n}\n","variant":"id: 1\nis_debug: true\nminify_enabled: false\nuse_multidex: false\nuse_legacy_multidex: false\nvariant_type: APPLICATION\nmin_sdk_version {\n  api_level: 15\n}\ntarget_sdk_version {\n  api_level: 26\n}\ndex_builder: DX_DEXER\ndex_merger: DX_MERGER\n"},"ph":"X","ts":1523843669699000,"dur":100},{"pid":1,"tid":10,"id":16,"name":"app task manager create build config task","args":{"span_id":"16","project":"id: 1\nandroid_plugin_version: \"3.0.1\"\nandroid_plugin: APPLICATION\nplugin_generation: FIRST\nbuild_tools_version: \"26.0.2\"\ncompile_sdk: \"android-26\"\nsplits {\n}\n","variant":"id: 1\nis_debug: true\nminify_enabled: false\nuse_multidex: false\nuse_legacy_multidex: false\nvariant_type: APPLICATION\nmin_sdk_version {\n  api_level: 15\n}\ntarget_sdk_version {\n  api_level: 26\n}\ndex_builder: DX_DEXER\ndex_merger: DX_MERGER\n"},"ph":"X","ts":1523843669699000,"dur":100},{"pid":1,"tid":10,"id":17,"name":"app task manager create process res task","args":{"span_id":"17","project":"id: 1\nandroid_plugin_version: \"3.0.1\"\nandroid_plugin: APPLICATION\nplugin_generation: FIRST\nbuild_tools_version: \"26.0.2\"\ncompile_sdk: \"android-26\"\nsplits {\n}\n","variant":"id: 1\nis_debug: true\nminify_enabled: false\nuse_multidex: false\nuse_legacy_multidex: false\nvariant_type: APPLICATION\nmin_sdk_version {\n  api_level: 15\n}\ntarget_sdk_version {\n  api_level: 26\n}\ndex_builder: DX_DEXER\ndex_merger: DX_MERGER\n"},"ph":"X","ts":1523843669699000,"dur":3000},{"pid":1,"tid":10,"id":18,"name":"app task manager create aidl task","args":{"span_id":"18","project":"id: 1\nandroid_plugin_version: \"3.0.1\"\nandroid_plugin: APPLICATION\nplugin_generation: FIRST\nbuild_tools_version: \"26.0.2\"\ncompile_sdk: \"android-26\"\nsplits {\n}\n","variant":"id: 1\nis_debug: true\nminify_enabled: false\nuse_multidex: false\nuse_legacy_multidex: false\nvariant_type: APPLICATION\nmin_sdk_version {\n  api_level: 15\n}\ntarget_sdk_version {\n  api_level: 26\n}\ndex_builder: DX_DEXER\ndex_merger: DX_MERGER\n"},"ph":"X","ts":1523843669702000,"dur":1000},{"pid":1,"tid":10,"id":19,"name":"app task manager create shader task","args":{"span_id":"19","project":"id: 1\nandroid_plugin_version: \"3.0.1\"\nandroid_plugin: APPLICATION\nplugin_generation: FIRST\nbuild_tools_version: \"26.0.2\"\ncompile_sdk: \"android-26\"\nsplits {\n}\n","variant":"id: 1\nis_debug: true\nminify_enabled: false\nuse_multidex: false\nuse_legacy_multidex: false\nvariant_type: APPLICATION\nmin_sdk_version {\n  api_level: 15\n}\ntarget_sdk_version {\n  api_level: 26\n}\ndex_builder: DX_DEXER\ndex_merger: DX_MERGER\n"},"ph":"X","ts":1523843669703000,"dur":100},{"pid":1,"tid":10,"id":20,"name":"app task manager create ndk task","args":{"span_id":"20","project":"id: 1\nandroid_plugin_version: \"3.0.1\"\nandroid_plugin: APPLICATION\nplugin_generation: FIRST\nbuild_tools_version: \"26.0.2\"\ncompile_sdk: \"android-26\"\nsplits {\n}\n","variant":"id: 1\nis_debug: true\nminify_enabled: false\nuse_multidex: false\nuse_legacy_multidex: false\nvariant_type: APPLICATION\nmin_sdk_version {\n  api_level: 15\n}\ntarget_sdk_version {\n  api_level: 26\n}\ndex_builder: DX_DEXER\ndex_merger: DX_MERGER\n"},"ph":"X","ts":1523843669703000,"dur":100},{"pid":1,"tid":10,"id":21,"name":"app task manager create external native build task","args":{"span_id":"21","project":"id: 1\nandroid_plugin_version: \"3.0.1\"\nandroid_plugin: APPLICATION\nplugin_generation: FIRST\nbuild_tools_version: \"26.0.2\"\ncompile_sdk: \"android-26\"\nsplits {\n}\n","variant":"id: 1\nis_debug: true\nminify_enabled: false\nuse_multidex: false\nuse_legacy_multidex: false\nvariant_type: APPLICATION\nmin_sdk_version {\n  api_level: 15\n}\ntarget_sdk_version {\n  api_level: 26\n}\ndex_builder: DX_DEXER\ndex_merger: DX_MERGER\n"},"ph":"X","ts":1523843669703000,"dur":100},{"pid":1,"tid":10,"id":22,"name":"app task manager create merge jnilibs folders task","args":{"span_id":"22","project":"id: 1\nandroid_plugin_version: \"3.0.1\"\nandroid_plugin: APPLICATION\nplugin_generation: FIRST\nbuild_tools_version: \"26.0.2\"\ncompile_sdk: \"android-26\"\nsplits {\n}\n","variant":"id: 1\nis_debug: true\nminify_enabled: false\nuse_multidex: false\nuse_legacy_multidex: false\nvariant_type: APPLICATION\nmin_sdk_version {\n  api_level: 15\n}\ntarget_sdk_version {\n  api_level: 26\n}\ndex_builder: DX_DEXER\ndex_merger: DX_MERGER\n"},"ph":"X","ts":1523843669703000,"dur":1000},{"pid":1,"tid":10,"id":23,"name":"app task manager create compile task","args":{"span_id":"23","project":"id: 1\nandroid_plugin_version: \"3.0.1\"\nandroid_plugin: APPLICATION\nplugin_generation: FIRST\nbuild_tools_version: \"26.0.2\"\ncompile_sdk: \"android-26\"\nsplits {\n}\n","variant":"id: 1\nis_debug: true\nminify_enabled: false\nuse_multidex: false\nuse_legacy_multidex: false\nvariant_type: APPLICATION\nmin_sdk_version {\n  api_level: 15\n}\ntarget_sdk_version {\n  api_level: 26\n}\ndex_builder: DX_DEXER\ndex_merger: DX_MERGER\n"},"ph":"X","ts":1523843669704000,"dur":8000},{"pid":1,"tid":10,"id":24,"name":"app task manager create packaging task","args":{"span_id":"24","project":"id: 1\nandroid_plugin_version: \"3.0.1\"\nandroid_plugin: APPLICATION\nplugin_generation: FIRST\nbuild_tools_version: \"26.0.2\"\ncompile_sdk: \"android-26\"\nsplits {\n}\n","variant":"id: 1\nis_debug: true\nminify_enabled: false\nuse_multidex: false\nuse_legacy_multidex: false\nvariant_type: APPLICATION\nmin_sdk_version {\n  api_level: 15\n}\ntarget_sdk_version {\n  api_level: 26\n}\ndex_builder: DX_DEXER\ndex_merger: DX_MERGER\n"},"ph":"X","ts":1523843669712000,"dur":4000},{"pid":1,"tid":10,"id":25,"name":"app task manager create lint task","args":{"span_id":"25","project":"id: 1\nandroid_plugin_version: \"3.0.1\"\nandroid_plugin: APPLICATION\nplugin_generation: FIRST\nbuild_tools_version: \"26.0.2\"\ncompile_sdk: \"android-26\"\nsplits {\n}\n","variant":"id: 1\nis_debug: true\nminify_enabled: false\nuse_multidex: false\nuse_legacy_multidex: false\nvariant_type: APPLICATION\nmin_sdk_version {\n  api_level: 15\n}\ntarget_sdk_version {\n  api_level: 26\n}\ndex_builder: DX_DEXER\ndex_merger: DX_MERGER\n"},"ph":"X","ts":1523843669716000,"dur":100},{"pid":1,"tid":10,"id":10,"name":"variant manager create tasks for variant","args":{"span_id":"10","project":"id: 1\nandroid_plugin_version: \"3.0.1\"\nandroid_plugin: APPLICATION\nplugin_generation: FIRST\nbuild_tools_version: \"26.0.2\"\ncompile_sdk: \"android-26\"\nsplits {\n}\n","variant":"id: 1\nis_debug: true\nminify_enabled: false\nuse_multidex: false\nuse_legacy_multidex: false\nvariant_type: APPLICATION\nmin_sdk_version {\n  api_level: 15\n}\ntarget_sdk_version {\n  api_level: 26\n}\ndex_builder: DX_DEXER\ndex_merger: DX_MERGER\n"},"ph":"X","ts":1523843669695000,"dur":21000},{"pid":1,"tid":10,"id":26,"name":"variant manager create tasks for variant","args":{"span_id":"26","project":"id: 1\nandroid_plugin_version: \"3.0.1\"\nandroid_plugin: APPLICATION\nplugin_generation: FIRST\nbuild_tools_version: \"26.0.2\"\ncompile_sdk: \"android-26\"\nsplits {\n}\n"},"ph":"X","ts":1523843669716000,"dur":10000},{"pid":1,"tid":10,"id":27,"name":"variant manager create tasks for variant","args":{"span_id":"27","project":"id: 1\nandroid_plugin_version: \"3.0.1\"\nandroid_plugin: APPLICATION\nplugin_generation: FIRST\nbuild_tools_version: \"26.0.2\"\ncompile_sdk: \"android-26\"\nsplits {\n}\n"},"ph":"X","ts":1523843669726000,"dur":10000},{"pid":1,"tid":10,"id":7,"name":"variant manager create android tasks","args":{"span_id":"7","project":"id: 1\nandroid_plugin_version: \"3.0.1\"\nandroid_plugin: APPLICATION\nplugin_generation: FIRST\nbuild_tools_version: \"26.0.2\"\ncompile_sdk: \"android-26\"\nsplits {\n}\n"},"ph":"X","ts":1523843669691000,"dur":46000},{"pid":1,"tid":10,"id":28,"name":"variant manager external native config values","args":{"span_id":"28","project":"id: 1\nandroid_plugin_version: \"3.0.1\"\nandroid_plugin: APPLICATION\nplugin_generation: FIRST\nbuild_tools_version: \"26.0.2\"\ncompile_sdk: \"android-26\"\nsplits {\n}\n"},"ph":"X","ts":1523843669737000,"dur":100},{"pid":1,"tid":10,"id":6,"name":"base plugin create android tasks","args":{"span_id":"6","project":"id: 1\nandroid_plugin_version: \"3.0.1\"\nandroid_plugin: APPLICATION\nplugin_generation: FIRST\nbuild_tools_version: \"26.0.2\"\ncompile_sdk: \"android-26\"\nsplits {\n}\n"},"ph":"X","ts":1523843669687000,"dur":50000},{"pid":1,"tid":0,"id":29,"name":"task: build info loader","args":{"span_id":"29","project":"id: 1\nandroid_plugin_version: \"3.0.1\"\nandroid_plugin: APPLICATION\nplugin_generation: FIRST\nbuild_tools_version: \"26.0.2\"\ncompile_sdk: \"android-26\"\nsplits {\n}\n","variant":"id: 1\nis_debug: true\nminify_enabled: false\nuse_multidex: false\nuse_legacy_multidex: false\nvariant_type: APPLICATION\nmin_sdk_version {\n  api_level: 15\n}\ntarget_sdk_version {\n  api_level: 26\n}\ndex_builder: DX_DEXER\ndex_merger: DX_MERGER\n","task":"type: 7\ndid_work: true\nskipped: false\nup_to_date: false\nfailed: false\n"},"ph":"X","ts":1523843669757000,"dur":1000},{"pid":1,"tid":0,"id":30,"name":"task: unknown task type","args":{"span_id":"30","project":"id: 1\nandroid_plugin_version: \"3.0.1\"\nandroid_plugin: APPLICATION\nplugin_generation: FIRST\nbuild_tools_version: \"26.0.2\"\ncompile_sdk: \"android-26\"\nsplits {\n}\n","task":"type: 0\ndid_work: false\nskipped: true\nup_to_date: true\nfailed: false\n"},"ph":"X","ts":1523843669759000,"dur":100},{"pid":1,"tid":0,"id":31,"name":"task: app pre build","args":{"span_id":"31","project":"id: 1\nandroid_plugin_version: \"3.0.1\"\nandroid_plugin: APPLICATION\nplugin_generation: FIRST\nbuild_tools_version: \"26.0.2\"\ncompile_sdk: \"android-26\"\nsplits {\n}\n","variant":"id: 1\nis_debug: true\nminify_enabled: false\nuse_multidex: false\nuse_legacy_multidex: false\nvariant_type: APPLICATION\nmin_sdk_version {\n  api_level: 15\n}\ntarget_sdk_version {\n  api_level: 26\n}\ndex_builder: DX_DEXER\ndex_merger: DX_MERGER\n","task":"type: 92\ndid_work: false\nskipped: true\nup_to_date: true\nfailed: false\n"},"ph":"X","ts":1523843669759000,"dur":65000},{"pid":1,"tid":0,"id":32,"name":"task: aidl compile","args":{"span_id":"32","project":"id: 1\nandroid_plugin_version: \"3.0.1\"\nandroid_plugin: APPLICATION\nplugin_generation: FIRST\nbuild_tools_version: \"26.0.2\"\ncompile_sdk: \"android-26\"\nsplits {\n}\n","variant":"id: 1\nis_debug: true\nminify_enabled: false\nuse_multidex: false\nuse_legacy_multidex: false\nvariant_type: APPLICATION\nmin_sdk_version {\n  api_level: 15\n}\ntarget_sdk_version {\n  api_level: 26\n}\ndex_builder: DX_DEXER\ndex_merger: DX_MERGER\n","task":"type: 1\ndid_work: false\nskipped: true\nup_to_date: true\nfailed: false\n"},"ph":"X","ts":1523843669825000,"dur":9000},{"pid":1,"tid":0,"id":33,"name":"task: renderscript compile","args":{"span_id":"33","project":"id: 1\nandroid_plugin_version: \"3.0.1\"\nandroid_plugin: APPLICATION\nplugin_generation: FIRST\nbuild_tools_version: \"26.0.2\"\ncompile_sdk: \"android-26\"\nsplits {\n}\n","variant":"id: 1\nis_debug: true\nminify_enabled: false\nuse_multidex: false\nuse_legacy_multidex: false\nvariant_type: APPLICATION\nmin_sdk_version {\n  api_level: 15\n}\ntarget_sdk_version {\n  api_level: 26\n}\ndex_builder: DX_DEXER\ndex_merger: DX_MERGER\n","task":"type: 54\ndid_work: false\nskipped: true\nup_to_date: true\nfailed: false\n"},"ph":"X","ts":1523843669836000,"dur":4000},{"pid":1,"tid":0,"id":34,"name":"task: check manifest","args":{"span_id":"34","project":"id: 1\nandroid_plugin_version: \"3.0.1\"\nandroid_plugin: APPLICATION\nplugin_generation: FIRST\nbuild_tools_version: \"26.0.2\"\ncompile_sdk: \"android-26\"\nsplits {\n}\n","variant":"id: 1\nis_debug: true\nminify_enabled: false\nuse_multidex: false\nuse_legacy_multidex: false\nvariant_type: APPLICATION\nmin_sdk_version {\n  api_level: 15\n}\ntarget_sdk_version {\n  api_level: 26\n}\ndex_builder: DX_DEXER\ndex_merger: DX_MERGER\n","task":"type: 8\ndid_work: false\nskipped: true\nup_to_date: true\nfailed: false\n"},"ph":"X","ts":1523843669841000,"dur":1000},{"pid":1,"tid":0,"id":35,"name":"task: generate build config","args":{"span_id":"35","project":"id: 1\nandroid_plugin_version: \"3.0.1\"\nandroid_plugin: APPLICATION\nplugin_generation: FIRST\nbuild_tools_version: \"26.0.2\"\ncompile_sdk: \"android-26\"\nsplits {\n}\n","variant":"id: 1\nis_debug: true\nminify_enabled: false\nuse_multidex: false\nuse_legacy_multidex: false\nvariant_type: APPLICATION\nmin_sdk_version {\n  api_level: 15\n}\ntarget_sdk_version {\n  api_level: 26\n}\ndex_builder: DX_DEXER\ndex_merger: DX_MERGER\n","task":"type: 24\ndid_work: false\nskipped: true\nup_to_date: true\nfailed: false\n"},"ph":"X","ts":1523843669842000,"dur":1000},{"pid":1,"tid":0,"id":36,"name":"task: prepare lint jar","args":{"span_id":"36","project":"id: 1\nandroid_plugin_version: \"3.0.1\"\nandroid_plugin: APPLICATION\nplugin_generation: FIRST\nbuild_tools_version: \"26.0.2\"\ncompile_sdk: \"android-26\"\nsplits {\n}\n","task":"type: 119\ndid_work: false\nskipped: true\nup_to_date: true\nfailed: false\n"},"ph":"X","ts":1523843669844000,"dur":4000},{"pid":1,"tid":0,"id":37,"name":"task: generate res values","args":{"span_id":"37","project":"id: 1\nandroid_plugin_version: \"3.0.1\"\nandroid_plugin: APPLICATION\nplugin_generation: FIRST\nbuild_tools_version: \"26.0.2\"\ncompile_sdk: \"android-26\"\nsplits {\n}\n","variant":"id: 1\nis_debug: true\nminify_enabled: false\nuse_multidex: false\nuse_legacy_multidex: false\nvariant_type: APPLICATION\nmin_sdk_version {\n  api_level: 15\n}\ntarget_sdk_version {\n  api_level: 26\n}\ndex_builder: DX_DEXER\ndex_merger: DX_MERGER\n","task":"type: 26\ndid_work: false\nskipped: true\nup_to_date: true\nfailed: false\n"},"ph":"X","ts":1523843669849000,"dur":100},{"pid":1,"tid":0,"id":38,"name":"task: unknown task type","args":{"span_id":"38","project":"id: 1\nandroid_plugin_version: \"3.0.1\"\nandroid_plugin: APPLICATION\nplugin_generation: FIRST\nbuild_tools_version: \"26.0.2\"\ncompile_sdk: \"android-26\"\nsplits {\n}\n","task":"type: 0\ndid_work: false\nskipped: true\nup_to_date: true\nfailed: false\n"},"ph":"X","ts":1523843669850000,"dur":100},{"pid":1,"tid":0,"id":39,"name":"task: merge resources","args":{"span_id":"39","project":"id: 1\nandroid_plugin_version: \"3.0.1\"\nandroid_plugin: APPLICATION\nplugin_generation: FIRST\nbuild_tools_version: \"26.0.2\"\ncompile_sdk: \"android-26\"\nsplits {\n}\n","variant":"id: 1\nis_debug: true\nminify_enabled: false\nuse_multidex: false\nuse_legacy_multidex: false\nvariant_type: APPLICATION\nmin_sdk_version {\n  api_level: 15\n}\ntarget_sdk_version {\n  api_level: 26\n}\ndex_builder: DX_DEXER\ndex_merger: DX_MERGER\n","task":"type: 40\ndid_work: true\nskipped: false\nup_to_date: false\nfailed: false\n"},"ph":"X","ts":1523843669851000,"dur":260000},{"pid":1,"tid":0,"id":40,"name":"task: compatible screens manifest","args":{"span_id":"40","project":"id: 1\nandroid_plugin_version: \"3.0.1\"\nandroid_plugin: APPLICATION\nplugin_generation: FIRST\nbuild_tools_version: \"26.0.2\"\ncompile_sdk: \"android-26\"\nsplits {\n}\n","variant":"id: 1\nis_debug: true\nminify_enabled: false\nuse_multidex: false\nuse_legacy_multidex: false\nvariant_type: APPLICATION\nmin_sdk_version {\n  api_level: 15\n}\ntarget_sdk_version {\n  api_level: 26\n}\ndex_builder: DX_DEXER\ndex_merger: DX_MERGER\n","task":"type: 9\ndid_work: false\nskipped: true\nup_to_date: true\nfailed: false\n"},"ph":"X","ts":1523843670111000,"dur":1000},{"pid":1,"tid":0,"id":41,"name":"task: merge manifests","args":{"span_id":"41","project":"id: 1\nandroid_plugin_version: \"3.0.1\"\nandroid_plugin: APPLICATION\nplugin_generation: FIRST\nbuild_tools_version: \"26.0.2\"\ncompile_sdk: \"android-26\"\nsplits {\n}\n","variant":"id: 1\nis_debug: true\nminify_enabled: false\nuse_multidex: false\nuse_legacy_multidex: false\nvariant_type: APPLICATION\nmin_sdk_version {\n  api_level: 15\n}\ntarget_sdk_version {\n  api_level: 26\n}\ndex_builder: DX_DEXER\ndex_merger: DX_MERGER\n","task":"type: 39\ndid_work: false\nskipped: true\nup_to_date: true\nfailed: false\n"},"ph":"X","ts":1523843670113000,"dur":6000},{"pid":1,"tid":0,"id":42,"name":"task: splits discovery","args":{"span_id":"42","project":"id: 1\nandroid_plugin_version: \"3.0.1\"\nandroid_plugin: APPLICATION\nplugin_generation: FIRST\nbuild_tools_version: \"26.0.2\"\ncompile_sdk: \"android-26\"\nsplits {\n}\n","variant":"id: 1\nis_debug: true\nminify_enabled: false\nuse_multidex: false\nuse_legacy_multidex: false\nvariant_type: APPLICATION\nmin_sdk_version {\n  api_level: 15\n}\ntarget_sdk_version {\n  api_level: 26\n}\ndex_builder: DX_DEXER\ndex_merger: DX_MERGER\n","task":"type: 87\ndid_work: false\nskipped: true\nup_to_date: true\nfailed: false\n"},"ph":"X","ts":1523843670119000,"dur":1000},{"pid":1,"tid":0,"id":43,"name":"task: process android resources","args":{"span_id":"43","project":"id: 1\nandroid_plugin_version: \"3.0.1\"\nandroid_plugin: APPLICATION\nplugin_generation: FIRST\nbuild_tools_version: \"26.0.2\"\ncompile_sdk: \"android-26\"\nsplits {\n}\n","variant":"id: 1\nis_debug: true\nminify_enabled: false\nuse_multidex: false\nuse_legacy_multidex: false\nvariant_type: APPLICATION\nmin_sdk_version {\n  api_level: 15\n}\ntarget_sdk_version {\n  api_level: 26\n}\ndex_builder: DX_DEXER\ndex_merger: DX_MERGER\n","task":"type: 51\ndid_work: true\nskipped: false\nup_to_date: false\nfailed: false\n"},"ph":"X","ts":1523843670121000,"dur":548000},{"pid":1,"tid":0,"id":44,"name":"task: unknown task type","args":{"span_id":"44","project":"id: 1\nandroid_plugin_version: \"3.0.1\"\nandroid_plugin: APPLICATION\nplugin_generation: FIRST\nbuild_tools_version: \"26.0.2\"\ncompile_sdk: \"android-26\"\nsplits {\n}\n","task":"type: 0\ndid_work: false\nskipped: false\nup_to_date: false\nfailed: false\n"},"ph":"X","ts":1523843670669000,"dur":100},{"pid":1,"tid":0,"id":45,"name":"task: java pre compile","args":{"span_id":"45","project":"id: 1\nandroid_plugin_version: \"3.0.1\"\nandroid_plugin: APPLICATION\nplugin_generation: FIRST\nbuild_tools_version: \"26.0.2\"\ncompile_sdk: \"android-26\"\nsplits {\n}\n","variant":"id: 1\nis_debug: true\nminify_enabled: false\nuse_multidex: false\nuse_legacy_multidex: false\nvariant_type: APPLICATION\nmin_sdk_version {\n  api_level: 15\n}\ntarget_sdk_version {\n  api_level: 26\n}\ndex_builder: DX_DEXER\ndex_merger: DX_MERGER\n","task":"type: 76\ndid_work: false\nskipped: true\nup_to_date: true\nfailed: false\n"},"ph":"X","ts":1523843670670000,"dur":7000},{"pid":1,"tid":0,"id":46,"name":"task: android java compile","args":{"span_id":"46","project":"id: 1\nandroid_plugin_version: \"3.0.1\"\nandroid_plugin: APPLICATION\nplugin_generation: FIRST\nbuild_tools_version: \"26.0.2\"\ncompile_sdk: \"android-26\"\nsplits {\n}\n","task":"type: 3\ndid_work: false\nskipped: true\nup_to_date: true\nfailed: false\n"},"ph":"X","ts":1523843670678000,"dur":18000},{"pid":1,"tid":0,"id":47,"name":"task: merge source set folders","args":{"span_id":"47","project":"id: 1\nandroid_plugin_version: \"3.0.1\"\nandroid_plugin: APPLICATION\nplugin_generation: FIRST\nbuild_tools_version: \"26.0.2\"\ncompile_sdk: \"android-26\"\nsplits {\n}\n","variant":"id: 1\nis_debug: true\nminify_enabled: false\nuse_multidex: false\nuse_legacy_multidex: false\nvariant_type: APPLICATION\nmin_sdk_version {\n  api_level: 15\n}\ntarget_sdk_version {\n  api_level: 26\n}\ndex_builder: DX_DEXER\ndex_merger: DX_MERGER\n","task":"type: 41\ndid_work: false\nskipped: true\nup_to_date: true\nfailed: false\n"},"ph":"X","ts":1523843670697000,"dur":2000},{"pid":1,"tid":0,"id":48,"name":"task: shader compile","args":{"span_id":"48","project":"id: 1\nandroid_plugin_version: \"3.0.1\"\nandroid_plugin: APPLICATION\nplugin_generation: FIRST\nbuild_tools_version: \"26.0.2\"\ncompile_sdk: \"android-26\"\nsplits {\n}\n","variant":"id: 1\nis_debug: true\nminify_enabled: false\nuse_multidex: false\nuse_legacy_multidex: false\nvariant_type: APPLICATION\nmin_sdk_version {\n  api_level: 15\n}\ntarget_sdk_version {\n  api_level: 26\n}\ndex_builder: DX_DEXER\ndex_merger: DX_MERGER\n","task":"type: 55\ndid_work: false\nskipped: true\nup_to_date: true\nfailed: false\n"},"ph":"X","ts":1523843670700000,"dur":1000},{"pid":1,"tid":0,"id":49,"name":"task: unknown task type","args":{"span_id":"49","project":"id: 1\nandroid_plugin_version: \"3.0.1\"\nandroid_plugin: APPLICATION\nplugin_generation: FIRST\nbuild_tools_version: \"26.0.2\"\ncompile_sdk: \"android-26\"\nsplits {\n}\n","task":"type: 0\ndid_work: false\nskipped: true\nup_to_date: true\nfailed: false\n"},"ph":"X","ts":1523843670702000,"dur":100},{"pid":1,"tid":0,"id":50,"name":"task: merge source set folders","args":{"span_id":"50","project":"id: 1\nandroid_plugin_version: \"3.0.1\"\nandroid_plugin: APPLICATION\nplugin_generation: FIRST\nbuild_tools_version: \"26.0.2\"\ncompile_sdk: \"android-26\"\nsplits {\n}\n","variant":"id: 1\nis_debug: true\nminify_enabled: false\nuse_multidex: false\nuse_legacy_multidex: false\nvariant_type: APPLICATION\nmin_sdk_version {\n  api_level: 15\n}\ntarget_sdk_version {\n  api_level: 26\n}\ndex_builder: DX_DEXER\ndex_merger: DX_MERGER\n","task":"type: 41\ndid_work: false\nskipped: true\nup_to_date: true\nfailed: false\n"},"ph":"X","ts":1523843670703000,"dur":8000},{"pid":1,"tid":0,"id":51,"name":"task: package application","args":{"span_id":"51","project":"id: 1\nandroid_plugin_version: \"3.0.1\"\nandroid_plugin: APPLICATION\nplugin_generation: FIRST\nbuild_tools_version: \"26.0.2\"\ncompile_sdk: \"android-26\"\nsplits {\n}\n","variant":"id: 1\nis_debug: true\nminify_enabled: false\nuse_multidex: false\nuse_legacy_multidex: false\nvariant_type: APPLICATION\nmin_sdk_version {\n  api_level: 15\n}\ntarget_sdk_version {\n  api_level: 26\n}\ndex_builder: DX_DEXER\ndex_merger: DX_MERGER\n","task":"type: 45\ndid_work: true\nskipped: false\nup_to_date: false\nfailed: false\n"},"ph":"X","ts":1523843670712000,"dur":79000},{"pid":1,"tid":0,"id":52,"name":"task: check manifest in instant run mode","args":{"span_id":"52","project":"id: 1\nandroid_plugin_version: \"3.0.1\"\nandroid_plugin: APPLICATION\nplugin_generation: FIRST\nbuild_tools_version: \"26.0.2\"\ncompile_sdk: \"android-26\"\nsplits {\n}\n","variant":"id: 1\nis_debug: true\nminify_enabled: false\nuse_multidex: false\nuse_legacy_multidex: false\nvariant_type: APPLICATION\nmin_sdk_version {\n  api_level: 15\n}\ntarget_sdk_version {\n  api_level: 26\n}\ndex_builder: DX_DEXER\ndex_merger: DX_MERGER\n","task":"type: 72\ndid_work: true\nskipped: false\nup_to_date: false\nfailed: false\n"},"ph":"X","ts":1523843670792000,"dur":5000},{"pid":1,"tid":0,"id":53,"name":"task: transform","args":{"span_id":"53","project":"id: 1\nandroid_plugin_version: \"3.0.1\"\nandroid_plugin: APPLICATION\nplugin_generation: FIRST\nbuild_tools_version: \"26.0.2\"\ncompile_sdk: \"android-26\"\nsplits {\n}\n","variant":"id: 1\nis_debug: true\nminify_enabled: false\nuse_multidex: false\nuse_legacy_multidex: false\nvariant_type: APPLICATION\nmin_sdk_version {\n  api_level: 15\n}\ntarget_sdk_version {\n  api_level: 26\n}\ndex_builder: DX_DEXER\ndex_merger: DX_MERGER\n","task":"type: 65\ndid_work: false\nskipped: true\nup_to_date: true\nfailed: false\n"},"ph":"X","ts":1523843670797000,"dur":2000},{"pid":1,"tid":0,"id":54,"name":"task: transform","args":{"span_id":"54","project":"id: 1\nandroid_plugin_version: \"3.0.1\"\nandroid_plugin: APPLICATION\nplugin_generation: FIRST\nbuild_tools_version: \"26.0.2\"\ncompile_sdk: \"android-26\"\nsplits {\n}\n","variant":"id: 1\nis_debug: true\nminify_enabled: false\nuse_multidex: false\nuse_legacy_multidex: false\nvariant_type: APPLICATION\nmin_sdk_version {\n  api_level: 15\n}\ntarget_sdk_version {\n  api_level: 26\n}\ndex_builder: DX_DEXER\ndex_merger: DX_MERGER\n","task":"type: 65\ndid_work: false\nskipped: true\nup_to_date: true\nfailed: false\n"},"ph":"X","ts":1523843670800000,"dur":14000},{"pid":1,"tid":0,"id":55,"name":"task: transform","args":{"span_id":"55","project":"id: 1\nandroid_plugin_version: \"3.0.1\"\nandroid_plugin: APPLICATION\nplugin_generation: FIRST\nbuild_tools_version: \"26.0.2\"\ncompile_sdk: \"android-26\"\nsplits {\n}\n","variant":"id: 1\nis_debug: true\nminify_enabled: false\nuse_multidex: false\nuse_legacy_multidex: false\nvariant_type: APPLICATION\nmin_sdk_version {\n  api_level: 15\n}\ntarget_sdk_version {\n  api_level: 26\n}\ndex_builder: DX_DEXER\ndex_merger: DX_MERGER\n","task":"type: 65\ndid_work: false\nskipped: true\nup_to_date: true\nfailed: false\n"},"ph":"X","ts":1523843670814000,"dur":6000},{"pid":1,"tid":0,"id":56,"name":"task: ndk compile","args":{"span_id":"56","project":"id: 1\nandroid_plugin_version: \"3.0.1\"\nandroid_plugin: APPLICATION\nplugin_generation: FIRST\nbuild_tools_version: \"26.0.2\"\ncompile_sdk: \"android-26\"\nsplits {\n}\n","variant":"id: 1\nis_debug: true\nminify_enabled: false\nuse_multidex: false\nuse_legacy_multidex: false\nvariant_type: APPLICATION\nmin_sdk_version {\n  api_level: 15\n}\ntarget_sdk_version {\n  api_level: 26\n}\ndex_builder: DX_DEXER\ndex_merger: DX_MERGER\n","task":"type: 43\ndid_work: false\nskipped: true\nup_to_date: false\nfailed: false\n"},"ph":"X","ts":1523843670822000,"dur":100},{"pid":1,"tid":0,"id":57,"name":"task: merge source set folders","args":{"span_id":"57","project":"id: 1\nandroid_plugin_version: \"3.0.1\"\nandroid_plugin: APPLICATION\nplugin_generation: FIRST\nbuild_tools_version: \"26.0.2\"\ncompile_sdk: \"android-26\"\nsplits {\n}\n","variant":"id: 1\nis_debug: true\nminify_enabled: false\nuse_multidex: false\nuse_legacy_multidex: false\nvariant_type: APPLICATION\nmin_sdk_version {\n  api_level: 15\n}\ntarget_sdk_version {\n  api_level: 26\n}\ndex_builder: DX_DEXER\ndex_merger: DX_MERGER\n","task":"type: 41\ndid_work: false\nskipped: true\nup_to_date: true\nfailed: false\n"},"ph":"X","ts":1523843670823000,"dur":1000},{"pid":1,"tid":0,"id":58,"name":"task: transform","args":{"span_id":"58","project":"id: 1\nandroid_plugin_version: \"3.0.1\"\nandroid_plugin: APPLICATION\nplugin_generation: FIRST\nbuild_tools_version: \"26.0.2\"\ncompile_sdk: \"android-26\"\nsplits {\n}\n","variant":"id: 1\nis_debug: true\nminify_enabled: false\nuse_multidex: false\nuse_legacy_multidex: false\nvariant_type: APPLICATION\nmin_sdk_version {\n  api_level: 15\n}\ntarget_sdk_version {\n  api_level: 26\n}\ndex_builder: DX_DEXER\ndex_merger: DX_MERGER\n","task":"type: 65\ndid_work: false\nskipped: true\nup_to_date: true\nfailed: false\n"},"ph":"X","ts":1523843670827000,"dur":13000},{"pid":1,"tid":0,"id":59,"name":"task: unknown task type","args":{"span_id":"59","project":"id: 1\nandroid_plugin_version: \"3.0.1\"\nandroid_plugin: APPLICATION\nplugin_generation: FIRST\nbuild_tools_version: \"26.0.2\"\ncompile_sdk: \"android-26\"\nsplits {\n}\n","task":"type: 0\ndid_work: false\nskipped: true\nup_to_date: false\nfailed: false\n"},"ph":"X","ts":1523843670841000,"dur":1000},{"pid":1,"tid":0,"id":60,"name":"task: transform","args":{"span_id":"60","project":"id: 1\nandroid_plugin_version: \"3.0.1\"\nandroid_plugin: APPLICATION\nplugin_generation: FIRST\nbuild_tools_version: \"26.0.2\"\ncompile_sdk: \"android-26\"\nsplits {\n}\n","variant":"id: 1\nis_debug: true\nminify_enabled: false\nuse_multidex: false\nuse_legacy_multidex: false\nvariant_type: APPLICATION\nmin_sdk_version {\n  api_level: 15\n}\ntarget_sdk_version {\n  api_level: 26\n}\ndex_builder: DX_DEXER\ndex_merger: DX_MERGER\n","task":"type: 65\ndid_work: false\nskipped: true\nup_to_date: true\nfailed: false\n"},"ph":"X","ts":1523843670842000,"dur":13000},{"pid":1,"tid":0,"id":61,"name":"task: transform","args":{"span_id":"61","project":"id: 1\nandroid_plugin_version: \"3.0.1\"\nandroid_plugin: APPLICATION\nplugin_generation: FIRST\nbuild_tools_version: \"26.0.2\"\ncompile_sdk: \"android-26\"\nsplits {\n}\n","variant":"id: 1\nis_debug: true\nminify_enabled: false\nuse_multidex: false\nuse_legacy_multidex: false\nvariant_type: APPLICATION\nmin_sdk_version {\n  api_level: 15\n}\ntarget_sdk_version {\n  api_level: 26\n}\ndex_builder: DX_DEXER\ndex_merger: DX_MERGER\n","task":"type: 65\ndid_work: false\nskipped: true\nup_to_date: true\nfailed: false\n"},"ph":"X","ts":1523843670856000,"dur":1000},{"pid":1,"tid":0,"id":62,"name":"task: transform","args":{"span_id":"62","project":"id: 1\nandroid_plugin_version: \"3.0.1\"\nandroid_plugin: APPLICATION\nplugin_generation: FIRST\nbuild_tools_version: \"26.0.2\"\ncompile_sdk: \"android-26\"\nsplits {\n}\n","variant":"id: 1\nis_debug: true\nminify_enabled: false\nuse_multidex: false\nuse_legacy_multidex: false\nvariant_type: APPLICATION\nmin_sdk_version {\n  api_level: 15\n}\ntarget_sdk_version {\n  api_level: 26\n}\ndex_builder: DX_DEXER\ndex_merger: DX_MERGER\n","task":"type: 65\ndid_work: false\nskipped: true\nup_to_date: true\nfailed: false\n"},"ph":"X","ts":1523843670858000,"dur":50000},{"pid":1,"tid":11,"id":64,"name":"transform prep: instant run dex","args":{"span_id":"64","project":"id: 1\nandroid_plugin_version: \"3.0.1\"\nandroid_plugin: APPLICATION\nplugin_generation: FIRST\nbuild_tools_version: \"26.0.2\"\ncompile_sdk: \"android-26\"\nsplits {\n}\n","variant":"id: 1\nis_debug: true\nminify_enabled: false\nuse_multidex: false\nuse_legacy_multidex: false\nvariant_type: APPLICATION\nmin_sdk_version {\n  api_level: 15\n}\ntarget_sdk_version {\n  api_level: 26\n}\ndex_builder: DX_DEXER\ndex_merger: DX_MERGER\n","transform":"type: 3\nis_incremental: false\n"},"ph":"X","ts":1523843670911000,"dur":1000},{"pid":1,"tid":11,"id":65,"name":"transform: instant run dex","args":{"span_id":"65","project":"id: 1\nandroid_plugin_version: \"3.0.1\"\nandroid_plugin: APPLICATION\nplugin_generation: FIRST\nbuild_tools_version: \"26.0.2\"\ncompile_sdk: \"android-26\"\nsplits {\n}\n","variant":"id: 1\nis_debug: true\nminify_enabled: false\nuse_multidex: false\nuse_legacy_multidex: false\nvariant_type: APPLICATION\nmin_sdk_version {\n  api_level: 15\n}\ntarget_sdk_version {\n  api_level: 26\n}\ndex_builder: DX_DEXER\ndex_merger: DX_MERGER\n","transform":"type: 3\nis_incremental: false\n"},"ph":"X","ts":1523843670912000,"dur":4000},{"pid":1,"tid":0,"id":63,"name":"task: transform","args":{"span_id":"63","project":"id: 1\nandroid_plugin_version: \"3.0.1\"\nandroid_plugin: APPLICATION\nplugin_generation: FIRST\nbuild_tools_version: \"26.0.2\"\ncompile_sdk: \"android-26\"\nsplits {\n}\n","variant":"id: 1\nis_debug: true\nminify_enabled: false\nuse_multidex: false\nuse_legacy_multidex: false\nvariant_type: APPLICATION\nmin_sdk_version {\n  api_level: 15\n}\ntarget_sdk_version {\n  api_level: 26\n}\ndex_builder: DX_DEXER\ndex_merger: DX_MERGER\n","task":"type: 65\ndid_work: true\nskipped: false\nup_to_date: false\nfailed: false\n"},"ph":"X","ts":1523843670910000,"dur":6000},{"pid":1,"tid":0,"id":66,"name":"task: unknown task type","args":{"span_id":"66","project":"id: 1\nandroid_plugin_version: \"3.0.1\"\nandroid_plugin: APPLICATION\nplugin_generation: FIRST\nbuild_tools_version: \"26.0.2\"\ncompile_sdk: \"android-26\"\nsplits {\n}\n","task":"type: 0\ndid_work: false\nskipped: false\nup_to_date: false\nfailed: false\n"},"ph":"X","ts":1523843670917000,"dur":100},{"pid":1,"tid":0,"id":67,"name":"task: pre cold swap","args":{"span_id":"67","project":"id: 1\nandroid_plugin_version: \"3.0.1\"\nandroid_plugin: APPLICATION\nplugin_generation: FIRST\nbuild_tools_version: \"26.0.2\"\ncompile_sdk: \"android-26\"\nsplits {\n}\n","variant":"id: 1\nis_debug: true\nminify_enabled: false\nuse_multidex: false\nuse_legacy_multidex: false\nvariant_type: APPLICATION\nmin_sdk_version {\n  api_level: 15\n}\ntarget_sdk_version {\n  api_level: 26\n}\ndex_builder: DX_DEXER\ndex_merger: DX_MERGER\n","task":"type: 48\ndid_work: true\nskipped: false\nup_to_date: false\nfailed: false\n"},"ph":"X","ts":1523843670917000,"dur":1000},{"pid":1,"tid":0,"id":68,"name":"task: fast deploy runtime extractor","args":{"span_id":"68","project":"id: 1\nandroid_plugin_version: \"3.0.1\"\nandroid_plugin: APPLICATION\nplugin_generation: FIRST\nbuild_tools_version: \"26.0.2\"\ncompile_sdk: \"android-26\"\nsplits {\n}\n","variant":"id: 1\nis_debug: true\nminify_enabled: false\nuse_multidex: false\nuse_legacy_multidex: false\nvariant_type: APPLICATION\nmin_sdk_version {\n  api_level: 15\n}\ntarget_sdk_version {\n  api_level: 26\n}\ndex_builder: DX_DEXER\ndex_merger: DX_MERGER\n","task":"type: 21\ndid_work: false\nskipped: true\nup_to_date: true\nfailed: false\n"},"ph":"X","ts":1523843670919000,"dur":100},{"pid":1,"tid":0,"id":69,"name":"task: generate instant run app info","args":{"span_id":"69","project":"id: 1\nandroid_plugin_version: \"3.0.1\"\nandroid_plugin: APPLICATION\nplugin_generation: FIRST\nbuild_tools_version: \"26.0.2\"\ncompile_sdk: \"android-26\"\nsplits {\n}\n","variant":"id: 1\nis_debug: true\nminify_enabled: false\nuse_multidex: false\nuse_legacy_multidex: false\nvariant_type: APPLICATION\nmin_sdk_version {\n  api_level: 15\n}\ntarget_sdk_version {\n  api_level: 26\n}\ndex_builder: DX_DEXER\ndex_merger: DX_MERGER\n","task":"type: 25\ndid_work: false\nskipped: true\nup_to_date: true\nfailed: false\n"},"ph":"X","ts":1523843670920000,"dur":1000},{"pid":1,"tid":0,"id":70,"name":"task: transform","args":{"span_id":"70","project":"id: 1\nandroid_plugin_version: \"3.0.1\"\nandroid_plugin: APPLICATION\nplugin_generation: FIRST\nbuild_tools_version: \"26.0.2\"\ncompile_sdk: \"android-26\"\nsplits {\n}\n","variant":"id: 1\nis_debug: true\nminify_enabled: false\nuse_multidex: false\nuse_legacy_multidex: false\nvariant_type: APPLICATION\nmin_sdk_version {\n  api_level: 15\n}\ntarget_sdk_version {\n  api_level: 26\n}\ndex_builder: DX_DEXER\ndex_merger: DX_MERGER\n","task":"type: 65\ndid_work: false\nskipped: true\nup_to_date: false\nfailed: false\n"},"ph":"X","ts":1523843670922000,"dur":100},{"pid":1,"tid":0,"id":71,"name":"task: transform","args":{"span_id":"71","project":"id: 1\nandroid_plugin_version: \"3.0.1\"\nandroid_plugin: APPLICATION\nplugin_generation: FIRST\nbuild_tools_version: \"26.0.2\"\ncompile_sdk: \"android-26\"\nsplits {\n}\n","variant":"id: 1\nis_debug: true\nminify_enabled: false\nuse_multidex: false\nuse_legacy_multidex: false\nvariant_type: APPLICATION\nmin_sdk_version {\n  api_level: 15\n}\ntarget_sdk_version {\n  api_level: 26\n}\ndex_builder: DX_DEXER\ndex_merger: DX_MERGER\n","task":"type: 65\ndid_work: false\nskipped: true\nup_to_date: false\nfailed: false\n"},"ph":"X","ts":1523843670922000,"dur":1000},{"pid":1,"tid":0,"id":72,"name":"task: transform","args":{"span_id":"72","project":"id: 1\nandroid_plugin_version: \"3.0.1\"\nandroid_plugin: APPLICATION\nplugin_generation: FIRST\nbuild_tools_version: \"26.0.2\"\ncompile_sdk: \"android-26\"\nsplits {\n}\n","variant":"id: 1\nis_debug: true\nminify_enabled: false\nuse_multidex: false\nuse_legacy_multidex: false\nvariant_type: APPLICATION\nmin_sdk_version {\n  api_level: 15\n}\ntarget_sdk_version {\n  api_level: 26\n}\ndex_builder: DX_DEXER\ndex_merger: DX_MERGER\n","task":"type: 65\ndid_work: false\nskipped: true\nup_to_date: true\nfailed: false\n"},"ph":"X","ts":1523843670923000,"dur":24000},{"pid":1,"tid":0,"id":73,"name":"task: transform","args":{"span_id":"73","project":"id: 1\nandroid_plugin_version: \"3.0.1\"\nandroid_plugin: APPLICATION\nplugin_generation: FIRST\nbuild_tools_version: \"26.0.2\"\ncompile_sdk: \"android-26\"\nsplits {\n}\n","variant":"id: 1\nis_debug: true\nminify_enabled: false\nuse_multidex: false\nuse_legacy_multidex: false\nvariant_type: APPLICATION\nmin_sdk_version {\n  api_level: 15\n}\ntarget_sdk_version {\n  api_level: 26\n}\ndex_builder: DX_DEXER\ndex_merger: DX_MERGER\n","task":"type: 65\ndid_work: false\nskipped: true\nup_to_date: false\nfailed: false\n"},"ph":"X","ts":1523843670950000,"dur":100},{"pid":1,"tid":0,"id":74,"name":"task: validate signing","args":{"span_id":"74","project":"id: 1\nandroid_plugin_version: \"3.0.1\"\nandroid_plugin: APPLICATION\nplugin_generation: FIRST\nbuild_tools_version: \"26.0.2\"\ncompile_sdk: \"android-26\"\nsplits {\n}\n","variant":"id: 1\nis_debug: true\nminify_enabled: false\nuse_multidex: false\nuse_legacy_multidex: false\nvariant_type: APPLICATION\nmin_sdk_version {\n  api_level: 15\n}\ntarget_sdk_version {\n  api_level: 26\n}\ndex_builder: DX_DEXER\ndex_merger: DX_MERGER\n","task":"type: 67\ndid_work: true\nskipped: false\nup_to_date: false\nfailed: false\n"},"ph":"X","ts":1523843670951000,"dur":2000},{"pid":1,"tid":0,"id":75,"name":"task: transform","args":{"span_id":"75","project":"id: 1\nandroid_plugin_version: \"3.0.1\"\nandroid_plugin: APPLICATION\nplugin_generation: FIRST\nbuild_tools_version: \"26.0.2\"\ncompile_sdk: \"android-26\"\nsplits {\n}\n","variant":"id: 1\nis_debug: true\nminify_enabled: false\nuse_multidex: false\nuse_legacy_multidex: false\nvariant_type: APPLICATION\nmin_sdk_version {\n  api_level: 15\n}\ntarget_sdk_version {\n  api_level: 26\n}\ndex_builder: DX_DEXER\ndex_merger: DX_MERGER\n","task":"type: 65\ndid_work: false\nskipped: true\nup_to_date: true\nfailed: false\n"},"ph":"X","ts":1523843670955000,"dur":8000},{"pid":1,"tid":0,"id":76,"name":"task: transform","args":{"span_id":"76","project":"id: 1\nandroid_plugin_version: \"3.0.1\"\nandroid_plugin: APPLICATION\nplugin_generation: FIRST\nbuild_tools_version: \"26.0.2\"\ncompile_sdk: \"android-26\"\nsplits {\n}\n","variant":"id: 1\nis_debug: true\nminify_enabled: false\nuse_multidex: false\nuse_legacy_multidex: false\nvariant_type: APPLICATION\nmin_sdk_version {\n  api_level: 15\n}\ntarget_sdk_version {\n  api_level: 26\n}\ndex_builder: DX_DEXER\ndex_merger: DX_MERGER\n","task":"type: 65\ndid_work: false\nskipped: true\nup_to_date: true\nfailed: false\n"},"ph":"X","ts":1523843670963000,"dur":4000},{"pid":1,"tid":0,"id":77,"name":"task: package application","args":{"span_id":"77","project":"id: 1\nandroid_plugin_version: \"3.0.1\"\nandroid_plugin: APPLICATION\nplugin_generation: FIRST\nbuild_tools_version: \"26.0.2\"\ncompile_sdk: \"android-26\"\nsplits {\n}\n","variant":"id: 1\nis_debug: true\nminify_enabled: false\nuse_multidex: false\nuse_legacy_multidex: false\nvariant_type: APPLICATION\nmin_sdk_version {\n  api_level: 15\n}\ntarget_sdk_version {\n  api_level: 26\n}\ndex_builder: DX_DEXER\ndex_merger: DX_MERGER\n","task":"type: 45\ndid_work: false\nskipped: true\nup_to_date: false\nfailed: false\n"},"ph":"X","ts":1523843670970000,"dur":100},{"pid":1,"tid":0,"id":78,"name":"task: build info writer","args":{"span_id":"78","project":"id: 1\nandroid_plugin_version: \"3.0.1\"\nandroid_plugin: APPLICATION\nplugin_generation: FIRST\nbuild_tools_version: \"26.0.2\"\ncompile_sdk: \"android-26\"\nsplits {\n}\n","variant":"id: 1\nis_debug: true\nminify_enabled: false\nuse_multidex: false\nuse_legacy_multidex: false\nvariant_type: APPLICATION\nmin_sdk_version {\n  api_level: 15\n}\ntarget_sdk_version {\n  api_level: 26\n}\ndex_builder: DX_DEXER\ndex_merger: DX_MERGER\n","task":"type: 70\ndid_work: true\nskipped: false\nup_to_date: false\nfailed: false\n"},"ph":"X","ts":1523843670971000,"dur":2000},{"pid":1,"tid":0,"id":79,"name":"task: unknown task type","args":{"span_id":"79","project":"id: 1\nandroid_plugin_version: \"3.0.1\"\nandroid_plugin: APPLICATION\nplugin_generation: FIRST\nbuild_tools_version: \"26.0.2\"\ncompile_sdk: \"android-26\"\nsplits {\n}\n","task":"type: 0\ndid_work: false\nskipped: true\nup_to_date: true\nfailed: false\n"},"ph":"X","ts":1523843670973000,"dur":100},{"pid":1,"tid":0,"id":80,"name":"task: unknown task type","args":{"span_id":"80","project":"id: 1\nandroid_plugin_version: \"3.0.1\"\nandroid_plugin: APPLICATION\nplugin_generation: FIRST\nbuild_tools_version: \"26.0.2\"\ncompile_sdk: \"android-26\"\nsplits {\n}\n","task":"type: 0\ndid_work: false\nskipped: false\nup_to_date: false\nfailed: false\n"},"ph":"X","ts":1523843670974000,"dur":100},{"pid":1,"tid":10,"id":81,"name":"base plugin build finished","args":{"span_id":"81","project":"id: 1\nandroid_plugin_version: \"3.0.1\"\nandroid_plugin: APPLICATION\nplugin_generation: FIRST\nbuild_tools_version: \"26.0.2\"\ncompile_sdk: \"android-26\"\nsplits {\n}\n"},"ph":"X","ts":1523843670983000,"dur":100}]