[{"pid":0,"ph":"i","name":"Memory sample","ts":1523843998519000,"args":{"JVM stats":"heap_memory_usage: 339986552\nnon_heap_memory_usage: 159048160\nloaded_class_count: 15583\nthread_count: 27\ngarbage_collection_stats {\n  name: \"PS Scavenge\"\n  gc_collections: 0\n  gc_time: 0\n}\ngarbage_collection_stats {\n  name: \"PS MarkSweep\"\n  gc_collections: 0\n  gc_time: 0\n}\n"}},{"pid":0,"ph":"i","name":"Memory sample","ts":1523843998589000,"args":{"JVM stats":"heap_memory_usage: 351004224\nnon_heap_memory_usage: 159162848\nloaded_class_count: 15583\nthread_count: 36\ngarbage_collection_stats {\n  name: \"PS Scavenge\"\n  gc_collections: 0\n  gc_time: 0\n}\ngarbage_collection_stats {\n  name: \"PS MarkSweep\"\n  gc_collections: 0\n  gc_time: 0\n}\n"}},{"pid":0,"ph":"i","name":"Memory sample","ts":1523843998590000,"args":{"JVM stats":"heap_memory_usage: 351004224\nnon_heap_memory_usage: 159162848\nloaded_class_count: 15583\nthread_count: 36\ngarbage_collection_stats {\n  name: \"PS Scavenge\"\n  gc_collections: 0\n  gc_time: 0\n}\ngarbage_collection_stats {\n  name: \"PS MarkSweep\"\n  gc_collections: 0\n  gc_time: 0\n}\n"}},{"pid":0,"ph":"i","name":"Memory sample","ts":1523843998655000,"args":{"JVM stats":"heap_memory_usage: 361595328\nnon_heap_memory_usage: 159247864\nloaded_class_count: 15583\nthread_count: 36\ngarbage_collection_stats {\n  name: \"PS Scavenge\"\n  gc_collections: 0\n  gc_time: 0\n}\ngarbage_collection_stats {\n  name: \"PS MarkSweep\"\n  gc_collections: 0\n  gc_time: 0\n}\n"}},{"pid":0,"ph":"i","name":"Memory sample","ts":1523843998661000,"args":{"JVM stats":"heap_memory_usage: 362271064\nnon_heap_memory_usage: 159266136\nloaded_class_count: 15583\nthread_count: 36\ngarbage_collection_stats {\n  name: \"PS Scavenge\"\n  gc_collections: 0\n  gc_time: 0\n}\ngarbage_collection_stats {\n  name: \"PS MarkSweep\"\n  gc_collections: 0\n  gc_time: 0\n}\n"}},{"pid":0,"ph":"i","name":"Memory sample","ts":1523843998670000,"args":{"JVM stats":"heap_memory_usage: 362945952\nnon_heap_memory_usage: 159279240\nloaded_class_count: 15583\nthread_count: 36\ngarbage_collection_stats {\n  name: \"PS Scavenge\"\n  gc_collections: 0\n  gc_time: 0\n}\ngarbage_collection_stats {\n  name: \"PS MarkSweep\"\n  gc_collections: 0\n  gc_time: 0\n}\n"}},{"pid":0,"ph":"i","name":"Memory sample","ts":1523843998671000,"args":{"JVM stats":"heap_memory_usage: 362945952\nnon_heap_memory_usage: 159287360\nloaded_class_count: 15583\nthread_count: 36\ngarbage_collection_stats {\n  name: \"PS Scavenge\"\n  gc_collections: 0\n  gc_time: 0\n}\ngarbage_collection_stats {\n  name: \"PS MarkSweep\"\n  gc_collections: 0\n  gc_time: 0\n}\n"}},{"pid":0,"ph":"i","name":"Memory sample","ts":1523843998673000,"args":{"JVM stats":"heap_memory_usage: 362948120\nnon_heap_memory_usage: 159287392\nloaded_class_count: 15583\nthread_count: 36\ngarbage_collection_stats {\n  name: \"PS Scavenge\"\n  gc_collections: 0\n  gc_time: 0\n}\ngarbage_collection_stats {\n  name: \"PS MarkSweep\"\n  gc_collections: 0\n  gc_time: 0\n}\n"}},{"pid":0,"ph":"i","name":"Memory sample","ts":1523843998674000,"args":{"JVM stats":"heap_memory_usage: 362948120\nnon_heap_memory_usage: 159314272\nloaded_class_count: 15583\nthread_count: 36\ngarbage_collection_stats {\n  name: \"PS Scavenge\"\n  gc_collections: 0\n  gc_time: 0\n}\ngarbage_collection_stats {\n  name: \"PS MarkSweep\"\n  gc_collections: 0\n  gc_time: 0\n}\n"}},{"pid":0,"ph":"i","name":"Memory sample","ts":1523843998676000,"args":{"JVM stats":"heap_memory_usage: 363172968\nnon_heap_memory_usage: 159314304\nloaded_class_count: 15583\nthread_count: 36\ngarbage_collection_stats {\n  name: \"PS Scavenge\"\n  gc_collections: 0\n  gc_time: 0\n}\ngarbage_collection_stats {\n  name: \"PS MarkSweep\"\n  gc_collections: 0\n  gc_time: 0\n}\n"}},{"pid":0,"ph":"i","name":"Memory sample","ts":1523843998676001,"args":{"JVM stats":"heap_memory_usage: 363172968\nnon_heap_memory_usage: 159314304\nloaded_class_count: 15583\nthread_count: 36\ngarbage_collection_stats {\n  name: \"PS Scavenge\"\n  gc_collections: 0\n  gc_time: 0\n}\ngarbage_collection_stats {\n  name: \"PS MarkSweep\"\n  gc_collections: 0\n  gc_time: 0\n}\n"}},{"pid":0,"ph":"i","name":"Memory sample","ts":1523843998882000,"args":{"JVM stats":"heap_memory_usage: 408123960\nnon_heap_memory_usage: 159644928\nloaded_class_count: 15583\nthread_count: 45\ngarbage_collection_stats {\n  name: \"PS Scavenge\"\n  gc_collections: 0\n  gc_time: 0\n}\ngarbage_collection_stats {\n  name: \"PS MarkSweep\"\n  gc_collections: 0\n  gc_time: 0\n}\n"}},{"pid":0,"ph":"i","name":"Memory sample","ts":1523843998884000,"args":{"JVM stats":"heap_memory_usage: 408348776\nnon_heap_memory_usage: 159654256\nloaded_class_count: 15583\nthread_count: 45\ngarbage_collection_stats {\n  name: \"PS Scavenge\"\n  gc_collections: 0\n  gc_time: 0\n}\ngarbage_collection_stats {\n  name: \"PS MarkSweep\"\n  gc_collections: 0\n  gc_time: 0\n}\n"}},{"pid":0,"ph":"i","name":"Memory sample","ts":1523843998896000,"args":{"JVM stats":"heap_memory_usage: 409686296\nnon_heap_memory_usage: 159656920\nloaded_class_count: 15583\nthread_count: 45\ngarbage_collection_stats {\n  name: \"PS Scavenge\"\n  gc_collections: 0\n  gc_time: 0\n}\ngarbage_collection_stats {\n  name: \"PS MarkSweep\"\n  gc_collections: 0\n  gc_time: 0\n}\n"}},{"pid":0,"ph":"i","name":"Memory sample","ts":1523843998897000,"args":{"JVM stats":"heap_memory_usage: 409686296\nnon_heap_memory_usage: 159656952\nloaded_class_count: 15583\nthread_count: 45\ngarbage_collection_stats {\n  name: \"PS Scavenge\"\n  gc_collections: 0\n  gc_time: 0\n}\ngarbage_collection_stats {\n  name: \"PS MarkSweep\"\n  gc_collections: 0\n  gc_time: 0\n}\n"}},{"pid":0,"ph":"i","name":"Memory sample","ts":1523843999435000,"args":{"JVM stats":"heap_memory_usage: 434742216\nnon_heap_memory_usage: 159948328\nloaded_class_count: 15583\nthread_count: 45\ngarbage_collection_stats {\n  name: \"PS Scavenge\"\n  gc_collections: 0\n  gc_time: 0\n}\ngarbage_collection_stats {\n  name: \"PS MarkSweep\"\n  gc_collections: 0\n  gc_time: 0\n}\n"}},{"pid":0,"ph":"i","name":"Memory sample","ts":1523843999438000,"args":{"JVM stats":"heap_memory_usage: 434967032\nnon_heap_memory_usage: 159951720\nloaded_class_count: 15583\nthread_count: 45\ngarbage_collection_stats {\n  name: \"PS Scavenge\"\n  gc_collections: 0\n  gc_time: 0\n}\ngarbage_collection_stats {\n  name: \"PS MarkSweep\"\n  gc_collections: 0\n  gc_time: 0\n}\n"}},{"pid":0,"ph":"i","name":"Memory sample","ts":1523843999452000,"args":{"JVM stats":"heap_memory_usage: 436100416\nnon_heap_memory_usage: 159963080\nloaded_class_count: 15583\nthread_count: 45\ngarbage_collection_stats {\n  name: \"PS Scavenge\"\n  gc_collections: 0\n  gc_time: 0\n}\ngarbage_collection_stats {\n  name: \"PS MarkSweep\"\n  gc_collections: 0\n  gc_time: 0\n}\n"}},{"pid":0,"ph":"i","name":"Memory sample","ts":1523843999475000,"args":{"JVM stats":"heap_memory_usage: 436999824\nnon_heap_memory_usage: 159975400\nloaded_class_count: 15583\nthread_count: 45\ngarbage_collection_stats {\n  name: \"PS Scavenge\"\n  gc_collections: 0\n  gc_time: 0\n}\ngarbage_collection_stats {\n  name: \"PS MarkSweep\"\n  gc_collections: 0\n  gc_time: 0\n}\n"}},{"pid":0,"ph":"i","name":"Memory sample","ts":1523843999478000,"args":{"JVM stats":"heap_memory_usage: 437224832\nnon_heap_memory_usage: 159964472\nloaded_class_count: 15583\nthread_count: 45\ngarbage_collection_stats {\n  name: \"PS Scavenge\"\n  gc_collections: 0\n  gc_time: 0\n}\ngarbage_collection_stats {\n  name: \"PS MarkSweep\"\n  gc_collections: 0\n  gc_time: 0\n}\n"}},{"pid":0,"ph":"i","name":"Memory sample","ts":1523843999479000,"args":{"JVM stats":"heap_memory_usage: 437224832\nnon_heap_memory_usage: 159962072\nloaded_class_count: 15583\nthread_count: 45\ngarbage_collection_stats {\n  name: \"PS Scavenge\"\n  gc_collections: 0\n  gc_time: 0\n}\ngarbage_collection_stats {\n  name: \"PS MarkSweep\"\n  gc_collections: 0\n  gc_time: 0\n}\n"}},{"pid":0,"ph":"i","name":"Memory sample","ts":1523843999480000,"args":{"JVM stats":"heap_memory_usage: 437224832\nnon_heap_memory_usage: 159962072\nloaded_class_count: 15583\nthread_count: 45\ngarbage_collection_stats {\n  name: \"PS Scavenge\"\n  gc_collections: 0\n  gc_time: 0\n}\ngarbage_collection_stats {\n  name: \"PS MarkSweep\"\n  gc_collections: 0\n  gc_time: 0\n}\n"}},{"pid":0,"ph":"i","name":"Memory sample","ts":1523843999488000,"args":{"JVM stats":"heap_memory_usage: 437900280\nnon_heap_memory_usage: 159954568\nloaded_class_count: 15583\nthread_count: 45\ngarbage_collection_stats {\n  name: \"PS Scavenge\"\n  gc_collections: 0\n  gc_time: 0\n}\ngarbage_collection_stats {\n  name: \"PS MarkSweep\"\n  gc_collections: 0\n  gc_time: 0\n}\n"}},{"pid":0,"ph":"i","name":"Memory sample","ts":1523843999566000,"args":{"JVM stats":"heap_memory_usage: 91150824\nnon_heap_memory_usage: 160020816\nloaded_class_count: 15583\nthread_count: 46\ngarbage_collection_stats {\n  name: \"PS Scavenge\"\n  gc_collections: 1\n  gc_time: 8\n}\ngarbage_collection_stats {\n  name: \"PS MarkSweep\"\n  gc_collections: 0\n  gc_time: 0\n}\n"}},{"pid":0,"ph":"i","name":"Memory sample","ts":1523843999571000,"args":{"JVM stats":"heap_memory_usage: 93503608\nnon_heap_memory_usage: 160025736\nloaded_class_count: 15583\nthread_count: 46\ngarbage_collection_stats {\n  name: \"PS Scavenge\"\n  gc_collections: 0\n  gc_time: 0\n}\ngarbage_collection_stats {\n  name: \"PS MarkSweep\"\n  gc_collections: 0\n  gc_time: 0\n}\n"}},{"pid":0,"ph":"i","name":"Memory sample","ts":1523843999573000,"args":{"JVM stats":"heap_memory_usage: 93503608\nnon_heap_memory_usage: 160026440\nloaded_class_count: 15583\nthread_count: 46\ngarbage_collection_stats {\n  name: \"PS Scavenge\"\n  gc_collections: 0\n  gc_time: 0\n}\ngarbage_collection_stats {\n  name: \"PS MarkSweep\"\n  gc_collections: 0\n  gc_time: 0\n}\n"}},{"pid":0,"ph":"i","name":"Memory sample","ts":1523843999583000,"args":{"JVM stats":"heap_memory_usage: 94340712\nnon_heap_memory_usage: 160074360\nloaded_class_count: 15583\nthread_count: 46\ngarbage_collection_stats {\n  name: \"PS Scavenge\"\n  gc_collections: 0\n  gc_time: 0\n}\ngarbage_collection_stats {\n  name: \"PS MarkSweep\"\n  gc_collections: 0\n  gc_time: 0\n}\n"}},{"pid":0,"ph":"i","name":"Memory sample","ts":1523843999593000,"args":{"JVM stats":"heap_memory_usage: 95337800\nnon_heap_memory_usage: 160097536\nloaded_class_count: 15583\nthread_count: 46\ngarbage_collection_stats {\n  name: \"PS Scavenge\"\n  gc_collections: 0\n  gc_time: 0\n}\ngarbage_collection_stats {\n  name: \"PS MarkSweep\"\n  gc_collections: 0\n  gc_time: 0\n}\n"}},{"pid":0,"ph":"i","name":"Memory sample","ts":1523843999595000,"args":{"JVM stats":"heap_memory_usage: 95337800\nnon_heap_memory_usage: 160097536\nloaded_class_count: 15583\nthread_count: 46\ngarbage_collection_stats {\n  name: \"PS Scavenge\"\n  gc_collections: 0\n  gc_time: 0\n}\ngarbage_collection_stats {\n  name: \"PS MarkSweep\"\n  gc_collections: 0\n  gc_time: 0\n}\n"}},{"pid":0,"ph":"i","name":"Memory sample","ts":1523843999596000,"args":{"JVM stats":"heap_memory_usage: 95337800\nnon_heap_memory_usage: 160097536\nloaded_class_count: 15583\nthread_count: 46\ngarbage_collection_stats {\n  name: \"PS Scavenge\"\n  gc_collections: 0\n  gc_time: 0\n}\ngarbage_collection_stats {\n  name: \"PS MarkSweep\"\n  gc_collections: 0\n  gc_time: 0\n}\n"}},{"pid":0,"ph":"i","name":"Memory sample","ts":1523843999611000,"args":{"JVM stats":"heap_memory_usage: 97038864\nnon_heap_memory_usage: 160135664\nloaded_class_count: 15583\nthread_count: 46\ngarbage_collection_stats {\n  name: \"PS Scavenge\"\n  gc_collections: 0\n  gc_time: 0\n}\ngarbage_collection_stats {\n  name: \"PS MarkSweep\"\n  gc_collections: 0\n  gc_time: 0\n}\n"}},{"pid":0,"ph":"i","name":"Memory sample","ts":1523843999612000,"args":{"JVM stats":"heap_memory_usage: 97873584\nnon_heap_memory_usage: 160137776\nloaded_class_count: 15583\nthread_count: 46\ngarbage_collection_stats {\n  name: \"PS Scavenge\"\n  gc_collections: 0\n  gc_time: 0\n}\ngarbage_collection_stats {\n  name: \"PS MarkSweep\"\n  gc_collections: 0\n  gc_time: 0\n}\n"}},{"pid":0,"ph":"i","name":"Memory sample","ts":1523843999623000,"args":{"JVM stats":"heap_memory_usage: 98954896\nnon_heap_memory_usage: 160127984\nloaded_class_count: 15583\nthread_count: 45\ngarbage_collection_stats {\n  name: \"PS Scavenge\"\n  gc_collections: 0\n  gc_time: 0\n}\ngarbage_collection_stats {\n  name: \"PS MarkSweep\"\n  gc_collections: 0\n  gc_time: 0\n}\n"}},{"pid":0,"ph":"i","name":"Memory sample","ts":1523843999626000,"args":{"JVM stats":"heap_memory_usage: 98954896\nnon_heap_memory_usage: 160127984\nloaded_class_count: 15583\nthread_count: 45\ngarbage_collection_stats {\n  name: \"PS Scavenge\"\n  gc_collections: 0\n  gc_time: 0\n}\ngarbage_collection_stats {\n  name: \"PS MarkSweep\"\n  gc_collections: 0\n  gc_time: 0\n}\n"}},{"pid":0,"ph":"i","name":"Memory sample","ts":1523843999650000,"args":{"JVM stats":"heap_memory_usage: 101159376\nnon_heap_memory_usage: 160190800\nloaded_class_count: 15583\nthread_count: 45\ngarbage_collection_stats {\n  name: \"PS Scavenge\"\n  gc_collections: 0\n  gc_time: 0\n}\ngarbage_collection_stats {\n  name: \"PS MarkSweep\"\n  gc_collections: 0\n  gc_time: 0\n}\n"}},{"pid":0,"ph":"i","name":"Memory sample","ts":1523843999651000,"args":{"JVM stats":"heap_memory_usage: 101994128\nnon_heap_memory_usage: 160182240\nloaded_class_count: 15583\nthread_count: 45\ngarbage_collection_stats {\n  name: \"PS Scavenge\"\n  gc_collections: 0\n  gc_time: 0\n}\ngarbage_collection_stats {\n  name: \"PS MarkSweep\"\n  gc_collections: 0\n  gc_time: 0\n}\n"}},{"pid":0,"ph":"i","name":"Memory sample","ts":1523843999652000,"args":{"JVM stats":"heap_memory_usage: 101994128\nnon_heap_memory_usage: 160186336\nloaded_class_count: 15583\nthread_count: 45\ngarbage_collection_stats {\n  name: \"PS Scavenge\"\n  gc_collections: 0\n  gc_time: 0\n}\ngarbage_collection_stats {\n  name: \"PS MarkSweep\"\n  gc_collections: 0\n  gc_time: 0\n}\n"}},{"pid":0,"ph":"i","name":"Memory sample","ts":1523843999652001,"args":{"JVM stats":"heap_memory_usage: 101994128\nnon_heap_memory_usage: 160184224\nloaded_class_count: 15583\nthread_count: 45\ngarbage_collection_stats {\n  name: \"PS Scavenge\"\n  gc_collections: 0\n  gc_time: 0\n}\ngarbage_collection_stats {\n  name: \"PS MarkSweep\"\n  gc_collections: 0\n  gc_time: 0\n}\n"}},{"pid":0,"ph":"i","name":"Memory sample","ts":1523843999653000,"args":{"JVM stats":"heap_memory_usage: 101994128\nnon_heap_memory_usage: 160183288\nloaded_class_count: 15584\nthread_count: 45\ngarbage_collection_stats {\n  name: \"PS Scavenge\"\n  gc_collections: 0\n  gc_time: 0\n}\ngarbage_collection_stats {\n  name: \"PS MarkSweep\"\n  gc_collections: 0\n  gc_time: 0\n}\n"}},{"pid":0,"ph":"i","name":"Memory sample","ts":1523843999656000,"args":{"JVM stats":"heap_memory_usage: 101994128\nnon_heap_memory_usage: 160180216\nloaded_class_count: 15584\nthread_count: 45\ngarbage_collection_stats {\n  name: \"PS Scavenge\"\n  gc_collections: 0\n  gc_time: 0\n}\ngarbage_collection_stats {\n  name: \"PS MarkSweep\"\n  gc_collections: 0\n  gc_time: 0\n}\n"}},{"pid":0,"ph":"i","name":"Memory sample","ts":1523843999657000,"args":{"JVM stats":"heap_memory_usage: 101994128\nnon_heap_memory_usage: 160180216\nloaded_class_count: 15584\nthread_count: 45\ngarbage_collection_stats {\n  name: \"PS Scavenge\"\n  gc_collections: 0\n  gc_time: 0\n}\ngarbage_collection_stats {\n  name: \"PS MarkSweep\"\n  gc_collections: 0\n  gc_time: 0\n}\n"}},{"pid":0,"ph":"i","name":"Memory sample","ts":1523843999658000,"args":{"JVM stats":"heap_memory_usage: 101994128\nnon_heap_memory_usage: 160180216\nloaded_class_count: 15584\nthread_count: 45\ngarbage_collection_stats {\n  name: \"PS Scavenge\"\n  gc_collections: 0\n  gc_time: 0\n}\ngarbage_collection_stats {\n  name: \"PS MarkSweep\"\n  gc_collections: 0\n  gc_time: 0\n}\n"}},{"pid":0,"ph":"i","name":"Memory sample","ts":1523843999674000,"args":{"JVM stats":"heap_memory_usage: 102830888\nnon_heap_memory_usage: 160208504\nloaded_class_count: 15584\nthread_count: 45\ngarbage_collection_stats {\n  name: \"PS Scavenge\"\n  gc_collections: 0\n  gc_time: 0\n}\ngarbage_collection_stats {\n  name: \"PS MarkSweep\"\n  gc_collections: 0\n  gc_time: 0\n}\n"}},{"pid":0,"ph":"i","name":"Memory sample","ts":1523843999674001,"args":{"JVM stats":"heap_memory_usage: 102830888\nnon_heap_memory_usage: 160208504\nloaded_class_count: 15584\nthread_count: 45\ngarbage_collection_stats {\n  name: \"PS Scavenge\"\n  gc_collections: 0\n  gc_time: 0\n}\ngarbage_collection_stats {\n  name: \"PS MarkSweep\"\n  gc_collections: 0\n  gc_time: 0\n}\n"}},{"pid":0,"ph":"i","name":"Memory sample","ts":1523843999675000,"args":{"JVM stats":"heap_memory_usage: 102830888\nnon_heap_memory_usage: 160247736\nloaded_class_count: 15584\nthread_count: 45\ngarbage_collection_stats {\n  name: \"PS Scavenge\"\n  gc_collections: 0\n  gc_time: 0\n}\ngarbage_collection_stats {\n  name: \"PS MarkSweep\"\n  gc_collections: 0\n  gc_time: 0\n}\n"}},{"pid":0,"ph":"i","name":"Memory sample","ts":1523843999678000,"args":{"JVM stats":"heap_memory_usage: 102830888\nnon_heap_memory_usage: 160209848\nloaded_class_count: 15584\nthread_count: 45\ngarbage_collection_stats {\n  name: \"PS Scavenge\"\n  gc_collections: 0\n  gc_time: 0\n}\ngarbage_collection_stats {\n  name: \"PS MarkSweep\"\n  gc_collections: 0\n  gc_time: 0\n}\n"}},{"pid":0,"ph":"i","name":"Memory sample","ts":1523843999680000,"args":{"JVM stats":"heap_memory_usage: 102830888\nnon_heap_memory_usage: 160226360\nloaded_class_count: 15584\nthread_count: 45\ngarbage_collection_stats {\n  name: \"PS Scavenge\"\n  gc_collections: 0\n  gc_time: 0\n}\ngarbage_collection_stats {\n  name: \"PS MarkSweep\"\n  gc_collections: 0\n  gc_time: 0\n}\n"}},{"pid":0,"ph":"i","name":"Memory sample","ts":1523843999681000,"args":{"JVM stats":"heap_memory_usage: 102830888\nnon_heap_memory_usage: 160220216\nloaded_class_count: 15584\nthread_count: 45\ngarbage_collection_stats {\n  name: \"PS Scavenge\"\n  gc_collections: 0\n  gc_time: 0\n}\ngarbage_collection_stats {\n  name: \"PS MarkSweep\"\n  gc_collections: 0\n  gc_time: 0\n}\n"}},{"pid":0,"ph":"i","name":"Memory sample","ts":1523843999685000,"args":{"JVM stats":"heap_memory_usage: 102830888\nnon_heap_memory_usage: 160203296\nloaded_class_count: 15584\nthread_count: 45\ngarbage_collection_stats {\n  name: \"PS Scavenge\"\n  gc_collections: 0\n  gc_time: 0\n}\ngarbage_collection_stats {\n  name: \"PS MarkSweep\"\n  gc_collections: 0\n  gc_time: 0\n}\n"}},{"pid":0,"ph":"i","name":"Memory sample","ts":1523843999686000,"args":{"JVM stats":"heap_memory_usage: 102830888\nnon_heap_memory_usage: 160220736\nloaded_class_count: 15584\nthread_count: 45\ngarbage_collection_stats {\n  name: \"PS Scavenge\"\n  gc_collections: 0\n  gc_time: 0\n}\ngarbage_collection_stats {\n  name: \"PS MarkSweep\"\n  gc_collections: 0\n  gc_time: 0\n}\n"}},{"pid":0,"ph":"i","name":"Memory sample","ts":1523843999686001,"args":{"JVM stats":"heap_memory_usage: 102830888\nnon_heap_memory_usage: 160209088\nloaded_class_count: 15584\nthread_count: 45\ngarbage_collection_stats {\n  name: \"PS Scavenge\"\n  gc_collections: 0\n  gc_time: 0\n}\ngarbage_collection_stats {\n  name: \"PS MarkSweep\"\n  gc_collections: 0\n  gc_time: 0\n}\n"}},{"pid":0,"ph":"i","name":"Memory sample","ts":1523843999698000,"args":{"JVM stats":"heap_memory_usage: 103646904\nnon_heap_memory_usage: 160254416\nloaded_class_count: 15594\nthread_count: 36\ngarbage_collection_stats {\n  name: \"PS Scavenge\"\n  gc_collections: 0\n  gc_time: 0\n}\ngarbage_collection_stats {\n  name: \"PS MarkSweep\"\n  gc_collections: 0\n  gc_time: 0\n}\n"}},{"pid":1,"tid":13,"id":2,"name":"base plugin project configure","args":{"span_id":"2","project":"id: 1\nandroid_plugin_version: \"3.0.1\"\nandroid_plugin: APPLICATION\nplugin_generation: FIRST\nbuild_tools_version: \"26.0.2\"\ncompile_sdk: \"android-26\"\nsplits {\n}\n"},"ph":"X","ts":1523843998519000,"dur":6000},{"pid":1,"tid":13,"id":3,"name":"base plugin project base extension creation","args":{"span_id":"3","project":"id: 1\nandroid_plugin_version: \"3.0.1\"\nandroid_plugin: APPLICATION\nplugin_generation: FIRST\nbuild_tools_version: \"26.0.2\"\ncompile_sdk: \"android-26\"\nsplits {\n}\n"},"ph":"X","ts":1523843998526000,"dur":2000},{"pid":1,"tid":13,"id":5,"name":"task manager create tasks","args":{"span_id":"5","project":"id: 1\nandroid_plugin_version: \"3.0.1\"\nandroid_plugin: APPLICATION\nplugin_generation: FIRST\nbuild_tools_version: \"26.0.2\"\ncompile_sdk: \"android-26\"\nsplits {\n}\n"},"ph":"X","ts":1523843998528000,"dur":1000},{"pid":1,"tid":13,"id":4,"name":"base plugin project tasks creation","args":{"span_id":"4","project":"id: 1\nandroid_plugin_version: \"3.0.1\"\nandroid_plugin: APPLICATION\nplugin_generation: FIRST\nbuild_tools_version: \"26.0.2\"\ncompile_sdk: \"android-26\"\nsplits {\n}\n"},"ph":"X","ts":1523843998528000,"dur":1000},{"pid":1,"tid":13,"id":8,"name":"variant manager create variants","args":{"span_id":"8","project":"id: 1\nandroid_plugin_version: \"3.0.1\"\nandroid_plugin: APPLICATION\nplugin_generation: FIRST\nbuild_tools_version: \"26.0.2\"\ncompile_sdk: \"android-26\"\nsplits {\n}\n"},"ph":"X","ts":1523843998532000,"dur":3000},{"pid":1,"tid":13,"id":9,"name":"variant manager create tests tasks","args":{"span_id":"9","project":"id: 1\nandroid_plugin_version: \"3.0.1\"\nandroid_plugin: APPLICATION\nplugin_generation: FIRST\nbuild_tools_version: \"26.0.2\"\ncompile_sdk: \"android-26\"\nsplits {\n}\n"},"ph":"X","ts":1523843998535000,"dur":1000},{"pid":1,"tid":13,"id":11,"name":"app task manager create merge manifest task","args":{"span_id":"11","project":"id: 1\nandroid_plugin_version: \"3.0.1\"\nandroid_plugin: APPLICATION\nplugin_generation: FIRST\nbuild_tools_version: \"26.0.2\"\ncompile_sdk: \"android-26\"\nsplits {\n}\n","variant":"id: 1\nis_debug: true\nminify_enabled: false\nuse_multidex: false\nuse_legacy_multidex: false\nvariant_type: APPLICATION\nmin_sdk_version {\n  api_level: 15\n}\ntarget_sdk_version {\n  api_level: 26\n}\ndex_builder: DX_DEXER\ndex_merger: DX_MERGER\n"},"ph":"X","ts":1523843998537000,"dur":1000},{"pid":1,"tid":13,"id":12,"name":"app task manager create generate res values task","args":{"span_id":"12","project":"id: 1\nandroid_plugin_version: \"3.0.1\"\nandroid_plugin: APPLICATION\nplugin_generation: FIRST\nbuild_tools_version: \"26.0.2\"\ncompile_sdk: \"android-26\"\nsplits {\n}\n","variant":"id: 1\nis_debug: true\nminify_enabled: false\nuse_multidex: false\nuse_legacy_multidex: false\nvariant_type: APPLICATION\nmin_sdk_version {\n  api_level: 15\n}\ntarget_sdk_version {\n  api_level: 26\n}\ndex_builder: DX_DEXER\ndex_merger: DX_MERGER\n"},"ph":"X","ts":1523843998538000,"dur":100},{"pid":1,"tid":13,"id":13,"name":"app task manager create create renderscript task","args":{"span_id":"13","project":"id: 1\nandroid_plugin_version: \"3.0.1\"\nandroid_plugin: APPLICATION\nplugin_generation: FIRST\nbuild_tools_version: \"26.0.2\"\ncompile_sdk: \"android-26\"\nsplits {\n}\n","variant":"id: 1\nis_debug: true\nminify_enabled: false\nuse_multidex: false\nuse_legacy_multidex: false\nvariant_type: APPLICATION\nmin_sdk_version {\n  api_level: 15\n}\ntarget_sdk_version {\n  api_level: 26\n}\ndex_builder: DX_DEXER\ndex_merger: DX_MERGER\n"},"ph":"X","ts":1523843998538000,"dur":100},{"pid":1,"tid":13,"id":14,"name":"app task manager create merge resources task","args":{"span_id":"14","project":"id: 1\nandroid_plugin_version: \"3.0.1\"\nandroid_plugin: APPLICATION\nplugin_generation: FIRST\nbuild_tools_version: \"26.0.2\"\ncompile_sdk: \"android-26\"\nsplits {\n}\n","variant":"id: 1\nis_debug: true\nminify_enabled: false\nuse_multidex: false\nuse_legacy_multidex: false\nvariant_type: APPLICATION\nmin_sdk_version {\n  api_level: 15\n}\ntarget_sdk_version {\n  api_level: 26\n}\ndex_builder: DX_DEXER\ndex_merger: DX_MERGER\n"},"ph":"X","ts":1523843998538000,"dur":1000},{"pid":1,"tid":13,"id":15,"name":"app task manager create merge assets task","args":{"span_id":"15","project":"id: 1\nandroid_plugin_version: \"3.0.1\"\nandroid_plugin: APPLICATION\nplugin_generation: FIRST\nbuild_tools_version: \"26.0.2\"\ncompile_sdk: \"android-26\"\nsplits {\n}\n","variant":"id: 1\nis_debug: true\nminify_enabled: false\nuse_multidex: false\nuse_legacy_multidex: false\nvariant_type: APPLICATION\nmin_sdk_version {\n  api_level: 15\n}\ntarget_sdk_version {\n  api_level: 26\n}\ndex_builder: DX_DEXER\ndex_merger: DX_MERGER\n"},"ph":"X","ts":1523843998539000,"dur":100},{"pid":1,"tid":13,"id":16,"name":"app task manager create build config task","args":{"span_id":"16","project":"id: 1\nandroid_plugin_version: \"3.0.1\"\nandroid_plugin: APPLICATION\nplugin_generation: FIRST\nbuild_tools_version: \"26.0.2\"\ncompile_sdk: \"android-26\"\nsplits {\n}\n","variant":"id: 1\nis_debug: true\nminify_enabled: false\nuse_multidex: false\nuse_legacy_multidex: false\nvariant_type: APPLICATION\nmin_sdk_version {\n  api_level: 15\n}\ntarget_sdk_version {\n  api_level: 26\n}\ndex_builder: DX_DEXER\ndex_merger: DX_MERGER\n"},"ph":"X","ts":1523843998539000,"dur":100},{"pid":1,"tid":13,"id":17,"name":"app task manager create process res task","args":{"span_id":"17","project":"id: 1\nandroid_plugin_version: \"3.0.1\"\nandroid_plugin: APPLICATION\nplugin_generation: FIRST\nbuild_tools_version: \"26.0.2\"\ncompile_sdk: \"android-26\"\nsplits {\n}\n","variant":"id: 1\nis_debug: true\nminify_enabled: false\nuse_multidex: false\nuse_legacy_multidex: false\nvariant_type: APPLICATION\nmin_sdk_version {\n  api_level: 15\n}\ntarget_sdk_version {\n  api_level: 26\n}\ndex_builder: DX_DEXER\ndex_merger: DX_MERGER\n"},"ph":"X","ts":1523843998539000,"dur":6000},{"pid":1,"tid":13,"id":18,"name":"app task manager create aidl task","args":{"span_id":"18","project":"id: 1\nandroid_plugin_version: \"3.0.1\"\nandroid_plugin: APPLICATION\nplugin_generation: FIRST\nbuild_tools_version: \"26.0.2\"\ncompile_sdk: \"android-26\"\nsplits {\n}\n","variant":"id: 1\nis_debug: true\nminify_enabled: false\nuse_multidex: false\nuse_legacy_multidex: false\nvariant_type: APPLICATION\nmin_sdk_version {\n  api_level: 15\n}\ntarget_sdk_version {\n  api_level: 26\n}\ndex_builder: DX_DEXER\ndex_merger: DX_MERGER\n"},"ph":"X","ts":1523843998545000,"dur":1000},{"pid":1,"tid":13,"id":19,"name":"app task manager create shader task","args":{"span_id":"19","project":"id: 1\nandroid_plugin_version: \"3.0.1\"\nandroid_plugin: APPLICATION\nplugin_generation: FIRST\nbuild_tools_version: \"26.0.2\"\ncompile_sdk: \"android-26\"\nsplits {\n}\n","variant":"id: 1\nis_debug: true\nminify_enabled: false\nuse_multidex: false\nuse_legacy_multidex: false\nvariant_type: APPLICATION\nmin_sdk_version {\n  api_level: 15\n}\ntarget_sdk_version {\n  api_level: 26\n}\ndex_builder: DX_DEXER\ndex_merger: DX_MERGER\n"},"ph":"X","ts":1523843998546000,"dur":100},{"pid":1,"tid":13,"id":20,"name":"app task manager create ndk task","args":{"span_id":"20","project":"id: 1\nandroid_plugin_version: \"3.0.1\"\nandroid_plugin: APPLICATION\nplugin_generation: FIRST\nbuild_tools_version: \"26.0.2\"\ncompile_sdk: \"android-26\"\nsplits {\n}\n","variant":"id: 1\nis_debug: true\nminify_enabled: false\nuse_multidex: false\nuse_legacy_multidex: false\nvariant_type: APPLICATION\nmin_sdk_version {\n  api_level: 15\n}\ntarget_sdk_version {\n  api_level: 26\n}\ndex_builder: DX_DEXER\ndex_merger: DX_MERGER\n"},"ph":"X","ts":1523843998546000,"dur":1000},{"pid":1,"tid":13,"id":21,"name":"app task manager create external native build task","args":{"span_id":"21","project":"id: 1\nandroid_plugin_version: \"3.0.1\"\nandroid_plugin: APPLICATION\nplugin_generation: FIRST\nbuild_tools_version: \"26.0.2\"\ncompile_sdk: \"android-26\"\nsplits {\n}\n","variant":"id: 1\nis_debug: true\nminify_enabled: false\nuse_multidex: false\nuse_legacy_multidex: false\nvariant_type: APPLICATION\nmin_sdk_version {\n  api_level: 15\n}\ntarget_sdk_version {\n  api_level: 26\n}\ndex_builder: DX_DEXER\ndex_merger: DX_MERGER\n"},"ph":"X","ts":1523843998547000,"dur":100},{"pid":1,"tid":13,"id":22,"name":"app task manager create merge jnilibs folders task","args":{"span_id":"22","project":"id: 1\nandroid_plugin_version: \"3.0.1\"\nandroid_plugin: APPLICATION\nplugin_generation: FIRST\nbuild_tools_version: \"26.0.2\"\ncompile_sdk: \"android-26\"\nsplits {\n}\n","variant":"id: 1\nis_debug: true\nminify_enabled: false\nuse_multidex: false\nuse_legacy_multidex: false\nvariant_type: APPLICATION\nmin_sdk_version {\n  api_level: 15\n}\ntarget_sdk_version {\n  api_level: 26\n}\ndex_builder: DX_DEXER\ndex_merger: DX_MERGER\n"},"ph":"X","ts":1523843998547000,"dur":2000},{"pid":1,"tid":13,"id":23,"name":"app task manager create compile task","args":{"span_id":"23","project":"id: 1\nandroid_plugin_version: \"3.0.1\"\nandroid_plugin: APPLICATION\nplugin_generation: FIRST\nbuild_tools_version: \"26.0.2\"\ncompile_sdk: \"android-26\"\nsplits {\n}\n","variant":"id: 1\nis_debug: true\nminify_enabled: false\nuse_multidex: false\nuse_legacy_multidex: false\nvariant_type: APPLICATION\nmin_sdk_version {\n  api_level: 15\n}\ntarget_sdk_version {\n  api_level: 26\n}\ndex_builder: DX_DEXER\ndex_merger: DX_MERGER\n"},"ph":"X","ts":1523843998549000,"dur":5000},{"pid":1,"tid":13,"id":24,"name":"app task manager create packaging task","args":{"span_id":"24","project":"id: 1\nandroid_plugin_version: \"3.0.1\"\nandroid_plugin: APPLICATION\nplugin_generation: FIRST\nbuild_tools_version: \"26.0.2\"\ncompile_sdk: \"android-26\"\nsplits {\n}\n","variant":"id: 1\nis_debug: true\nminify_enabled: false\nuse_multidex: false\nuse_legacy_multidex: false\nvariant_type: APPLICATION\nmin_sdk_version {\n  api_level: 15\n}\ntarget_sdk_version {\n  api_level: 26\n}\ndex_builder: DX_DEXER\ndex_merger: DX_MERGER\n"},"ph":"X","ts":1523843998554000,"dur":2000},{"pid":1,"tid":13,"id":25,"name":"app task manager create lint task","args":{"span_id":"25","project":"id: 1\nandroid_plugin_version: \"3.0.1\"\nandroid_plugin: APPLICATION\nplugin_generation: FIRST\nbuild_tools_version: \"26.0.2\"\ncompile_sdk: \"android-26\"\nsplits {\n}\n","variant":"id: 1\nis_debug: true\nminify_enabled: false\nuse_multidex: false\nuse_legacy_multidex: false\nvariant_type: APPLICATION\nmin_sdk_version {\n  api_level: 15\n}\ntarget_sdk_version {\n  api_level: 26\n}\ndex_builder: DX_DEXER\ndex_merger: DX_MERGER\n"},"ph":"X","ts":1523843998556000,"dur":100},{"pid":1,"tid":13,"id":10,"name":"variant manager create tasks for variant","args":{"span_id":"10","project":"id: 1\nandroid_plugin_version: \"3.0.1\"\nandroid_plugin: APPLICATION\nplugin_generation: FIRST\nbuild_tools_version: \"26.0.2\"\ncompile_sdk: \"android-26\"\nsplits {\n}\n","variant":"id: 1\nis_debug: true\nminify_enabled: false\nuse_multidex: false\nuse_legacy_multidex: false\nvariant_type: APPLICATION\nmin_sdk_version {\n  api_level: 15\n}\ntarget_sdk_version {\n  api_level: 26\n}\ndex_builder: DX_DEXER\ndex_merger: DX_MERGER\n"},"ph":"X","ts":1523843998536000,"dur":20000},{"pid":1,"tid":13,"id":26,"name":"variant manager create tasks for variant","args":{"span_id":"26","project":"id: 1\nandroid_plugin_version: \"3.0.1\"\nandroid_plugin: APPLICATION\nplugin_generation: FIRST\nbuild_tools_version: \"26.0.2\"\ncompile_sdk: \"android-26\"\nsplits {\n}\n"},"ph":"X","ts":1523843998556000,"dur":4000},{"pid":1,"tid":13,"id":27,"name":"variant manager create tasks for variant","args":{"span_id":"27","project":"id: 1\nandroid_plugin_version: \"3.0.1\"\nandroid_plugin: APPLICATION\nplugin_generation: FIRST\nbuild_tools_version: \"26.0.2\"\ncompile_sdk: \"android-26\"\nsplits {\n}\n"},"ph":"X","ts":1523843998560000,"dur":10000},{"pid":1,"tid":13,"id":7,"name":"variant manager create android tasks","args":{"span_id":"7","project":"id: 1\nandroid_plugin_version: \"3.0.1\"\nandroid_plugin: APPLICATION\nplugin_generation: FIRST\nbuild_tools_version: \"26.0.2\"\ncompile_sdk: \"android-26\"\nsplits {\n}\n"},"ph":"X","ts":1523843998532000,"dur":38000},{"pid":1,"tid":13,"id":28,"name":"variant manager external native config values","args":{"span_id":"28","project":"id: 1\nandroid_plugin_version: \"3.0.1\"\nandroid_plugin: APPLICATION\nplugin_generation: FIRST\nbuild_tools_version: \"26.0.2\"\ncompile_sdk: \"android-26\"\nsplits {\n}\n"},"ph":"X","ts":1523843998571000,"dur":100},{"pid":1,"tid":13,"id":6,"name":"base plugin create android tasks","args":{"span_id":"6","project":"id: 1\nandroid_plugin_version: \"3.0.1\"\nandroid_plugin: APPLICATION\nplugin_generation: FIRST\nbuild_tools_version: \"26.0.2\"\ncompile_sdk: \"android-26\"\nsplits {\n}\n"},"ph":"X","ts":1523843998531000,"dur":40000},{"pid":1,"tid":0,"id":29,"name":"task: build info loader","args":{"span_id":"29","project":"id: 1\nandroid_plugin_version: \"3.0.1\"\nandroid_plugin: APPLICATION\nplugin_generation: FIRST\nbuild_tools_version: \"26.0.2\"\ncompile_sdk: \"android-26\"\nsplits {\n}\n","variant":"id: 1\nis_debug: true\nminify_enabled: false\nuse_multidex: false\nuse_legacy_multidex: false\nvariant_type: APPLICATION\nmin_sdk_version {\n  api_level: 15\n}\ntarget_sdk_version {\n  api_level: 26\n}\ndex_builder: DX_DEXER\ndex_merger: DX_MERGER\n","task":"type: 7\ndid_work: true\nskipped: false\nup_to_date: false\nfailed: false\n"},"ph":"X","ts":1523843998587000,"dur":2000},{"pid":1,"tid":0,"id":30,"name":"task: unknown task type","args":{"span_id":"30","project":"id: 1\nandroid_plugin_version: \"3.0.1\"\nandroid_plugin: APPLICATION\nplugin_generation: FIRST\nbuild_tools_version: \"26.0.2\"\ncompile_sdk: \"android-26\"\nsplits {\n}\n","task":"type: 0\ndid_work: false\nskipped: true\nup_to_date: true\nfailed: false\n"},"ph":"X","ts":1523843998589000,"dur":1000},{"pid":1,"tid":0,"id":31,"name":"task: app pre build","args":{"span_id":"31","project":"id: 1\nandroid_plugin_version: \"3.0.1\"\nandroid_plugin: APPLICATION\nplugin_generation: FIRST\nbuild_tools_version: \"26.0.2\"\ncompile_sdk: \"android-26\"\nsplits {\n}\n","variant":"id: 1\nis_debug: true\nminify_enabled: false\nuse_multidex: false\nuse_legacy_multidex: false\nvariant_type: APPLICATION\nmin_sdk_version {\n  api_level: 15\n}\ntarget_sdk_version {\n  api_level: 26\n}\ndex_builder: DX_DEXER\ndex_merger: DX_MERGER\n","task":"type: 92\ndid_work: false\nskipped: true\nup_to_date: true\nfailed: false\n"},"ph":"X","ts":1523843998590000,"dur":65000},{"pid":1,"tid":0,"id":32,"name":"task: aidl compile","args":{"span_id":"32","project":"id: 1\nandroid_plugin_version: \"3.0.1\"\nandroid_plugin: APPLICATION\nplugin_generation: FIRST\nbuild_tools_version: \"26.0.2\"\ncompile_sdk: \"android-26\"\nsplits {\n}\n","variant":"id: 1\nis_debug: true\nminify_enabled: false\nuse_multidex: false\nuse_legacy_multidex: false\nvariant_type: APPLICATION\nmin_sdk_version {\n  api_level: 15\n}\ntarget_sdk_version {\n  api_level: 26\n}\ndex_builder: DX_DEXER\ndex_merger: DX_MERGER\n","task":"type: 1\ndid_work: false\nskipped: true\nup_to_date: true\nfailed: false\n"},"ph":"X","ts":1523843998656000,"dur":5000},{"pid":1,"tid":0,"id":33,"name":"task: renderscript compile","args":{"span_id":"33","project":"id: 1\nandroid_plugin_version: \"3.0.1\"\nandroid_plugin: APPLICATION\nplugin_generation: FIRST\nbuild_tools_version: \"26.0.2\"\ncompile_sdk: \"android-26\"\nsplits {\n}\n","variant":"id: 1\nis_debug: true\nminify_enabled: false\nuse_multidex: false\nuse_legacy_multidex: false\nvariant_type: APPLICATION\nmin_sdk_version {\n  api_level: 15\n}\ntarget_sdk_version {\n  api_level: 26\n}\ndex_builder: DX_DEXER\ndex_merger: DX_MERGER\n","task":"type: 54\ndid_work: false\nskipped: true\nup_to_date: true\nfailed: false\n"},"ph":"X","ts":1523843998663000,"dur":7000},{"pid":1,"tid":0,"id":34,"name":"task: check manifest","args":{"span_id":"34","project":"id: 1\nandroid_plugin_version: \"3.0.1\"\nandroid_plugin: APPLICATION\nplugin_generation: FIRST\nbuild_tools_version: \"26.0.2\"\ncompile_sdk: \"android-26\"\nsplits {\n}\n","variant":"id: 1\nis_debug: true\nminify_enabled: false\nuse_multidex: false\nuse_legacy_multidex: false\nvariant_type: APPLICATION\nmin_sdk_version {\n  api_level: 15\n}\ntarget_sdk_version {\n  api_level: 26\n}\ndex_builder: DX_DEXER\ndex_merger: DX_MERGER\n","task":"type: 8\ndid_work: false\nskipped: true\nup_to_date: true\nfailed: false\n"},"ph":"X","ts":1523843998671000,"dur":100},{"pid":1,"tid":0,"id":35,"name":"task: generate build config","args":{"span_id":"35","project":"id: 1\nandroid_plugin_version: \"3.0.1\"\nandroid_plugin: APPLICATION\nplugin_generation: FIRST\nbuild_tools_version: \"26.0.2\"\ncompile_sdk: \"android-26\"\nsplits {\n}\n","variant":"id: 1\nis_debug: true\nminify_enabled: false\nuse_multidex: false\nuse_legacy_multidex: false\nvariant_type: APPLICATION\nmin_sdk_version {\n  api_level: 15\n}\ntarget_sdk_version {\n  api_level: 26\n}\ndex_builder: DX_DEXER\ndex_merger: DX_MERGER\n","task":"type: 24\ndid_work: false\nskipped: true\nup_to_date: true\nfailed: false\n"},"ph":"X","ts":1523843998672000,"dur":1000},{"pid":1,"tid":0,"id":36,"name":"task: prepare lint jar","args":{"span_id":"36","project":"id: 1\nandroid_plugin_version: \"3.0.1\"\nandroid_plugin: APPLICATION\nplugin_generation: FIRST\nbuild_tools_version: \"26.0.2\"\ncompile_sdk: \"android-26\"\nsplits {\n}\n","task":"type: 119\ndid_work: false\nskipped: true\nup_to_date: true\nfailed: false\n"},"ph":"X","ts":1523843998674000,"dur":100},{"pid":1,"tid":0,"id":37,"name":"task: generate res values","args":{"span_id":"37","project":"id: 1\nandroid_plugin_version: \"3.0.1\"\nandroid_plugin: APPLICATION\nplugin_generation: FIRST\nbuild_tools_version: \"26.0.2\"\ncompile_sdk: \"android-26\"\nsplits {\n}\n","variant":"id: 1\nis_debug: true\nminify_enabled: false\nuse_multidex: false\nuse_legacy_multidex: false\nvariant_type: APPLICATION\nmin_sdk_version {\n  api_level: 15\n}\ntarget_sdk_version {\n  api_level: 26\n}\ndex_builder: DX_DEXER\ndex_merger: DX_MERGER\n","task":"type: 26\ndid_work: false\nskipped: true\nup_to_date: true\nfailed: false\n"},"ph":"X","ts":1523843998675000,"dur":1000},{"pid":1,"tid":0,"id":38,"name":"task: unknown task type","args":{"span_id":"38","project":"id: 1\nandroid_plugin_version: \"3.0.1\"\nandroid_plugin: APPLICATION\nplugin_generation: FIRST\nbuild_tools_version: \"26.0.2\"\ncompile_sdk: \"android-26\"\nsplits {\n}\n","task":"type: 0\ndid_work: false\nskipped: true\nup_to_date: true\nfailed: false\n"},"ph":"X","ts":1523843998676000,"dur":100},{"pid":1,"tid":0,"id":39,"name":"task: merge resources","args":{"span_id":"39","project":"id: 1\nandroid_plugin_version: \"3.0.1\"\nandroid_plugin: APPLICATION\nplugin_generation: FIRST\nbuild_tools_version: \"26.0.2\"\ncompile_sdk: \"android-26\"\nsplits {\n}\n","variant":"id: 1\nis_debug: true\nminify_enabled: false\nuse_multidex: false\nuse_legacy_multidex: false\nvariant_type: APPLICATION\nmin_sdk_version {\n  api_level: 15\n}\ntarget_sdk_version {\n  api_level: 26\n}\ndex_builder: DX_DEXER\ndex_merger: DX_MERGER\n","task":"type: 40\ndid_work: true\nskipped: false\nup_to_date: false\nfailed: false\n"},"ph":"X","ts":1523843998678000,"dur":204000},{"pid":1,"tid":0,"id":40,"name":"task: compatible screens manifest","args":{"span_id":"40","project":"id: 1\nandroid_plugin_version: \"3.0.1\"\nandroid_plugin: APPLICATION\nplugin_generation: FIRST\nbuild_tools_version: \"26.0.2\"\ncompile_sdk: \"android-26\"\nsplits {\n}\n","variant":"id: 1\nis_debug: true\nminify_enabled: false\nuse_multidex: false\nuse_legacy_multidex: false\nvariant_type: APPLICATION\nmin_sdk_version {\n  api_level: 15\n}\ntarget_sdk_version {\n  api_level: 26\n}\ndex_builder: DX_DEXER\ndex_merger: DX_MERGER\n","task":"type: 9\ndid_work: false\nskipped: true\nup_to_date: true\nfailed: false\n"},"ph":"X","ts":1523843998883000,"dur":1000},{"pid":1,"tid":0,"id":41,"name":"task: merge manifests","args":{"span_id":"41","project":"id: 1\nandroid_plugin_version: \"3.0.1\"\nandroid_plugin: APPLICATION\nplugin_generation: FIRST\nbuild_tools_version: \"26.0.2\"\ncompile_sdk: \"android-26\"\nsplits {\n}\n","variant":"id: 1\nis_debug: true\nminify_enabled: false\nuse_multidex: false\nuse_legacy_multidex: false\nvariant_type: APPLICATION\nmin_sdk_version {\n  api_level: 15\n}\ntarget_sdk_version {\n  api_level: 26\n}\ndex_builder: DX_DEXER\ndex_merger: DX_MERGER\n","task":"type: 39\ndid_work: false\nskipped: true\nup_to_date: true\nfailed: false\n"},"ph":"X","ts":1523843998886000,"dur":10000},{"pid":1,"tid":0,"id":42,"name":"task: splits discovery","args":{"span_id":"42","project":"id: 1\nandroid_plugin_version: \"3.0.1\"\nandroid_plugin: APPLICATION\nplugin_generation: FIRST\nbuild_tools_version: \"26.0.2\"\ncompile_sdk: \"android-26\"\nsplits {\n}\n","variant":"id: 1\nis_debug: true\nminify_enabled: false\nuse_multidex: false\nuse_legacy_multidex: false\nvariant_type: APPLICATION\nmin_sdk_version {\n  api_level: 15\n}\ntarget_sdk_version {\n  api_level: 26\n}\ndex_builder: DX_DEXER\ndex_merger: DX_MERGER\n","task":"type: 87\ndid_work: false\nskipped: true\nup_to_date: true\nfailed: false\n"},"ph":"X","ts":1523843998897000,"dur":100},{"pid":1,"tid":0,"id":43,"name":"task: process android resources","args":{"span_id":"43","project":"id: 1\nandroid_plugin_version: \"3.0.1\"\nandroid_plugin: APPLICATION\nplugin_generation: FIRST\nbuild_tools_version: \"26.0.2\"\ncompile_sdk: \"android-26\"\nsplits {\n}\n","variant":"id: 1\nis_debug: true\nminify_enabled: false\nuse_multidex: false\nuse_legacy_multidex: false\nvariant_type: APPLICATION\nmin_sdk_version {\n  api_level: 15\n}\ntarget_sdk_version {\n  api_level: 26\n}\ndex_builder: DX_DEXER\ndex_merger: DX_MERGER\n","task":"type: 51\ndid_work: true\nskipped: false\nup_to_date: false\nfailed: false\n"},"ph":"X","ts":1523843998898000,"dur":537000},{"pid":1,"tid":0,"id":44,"name":"task: unknown task type","args":{"span_id":"44","project":"id: 1\nandroid_plugin_version: \"3.0.1\"\nandroid_plugin: APPLICATION\nplugin_generation: FIRST\nbuild_tools_version: \"26.0.2\"\ncompile_sdk: \"android-26\"\nsplits {\n}\n","task":"type: 0\ndid_work: false\nskipped: false\nup_to_date: false\nfailed: false\n"},"ph":"X","ts":1523843999436000,"dur":1000},{"pid":1,"tid":0,"id":45,"name":"task: java pre compile","args":{"span_id":"45","project":"id: 1\nandroid_plugin_version: \"3.0.1\"\nandroid_plugin: APPLICATION\nplugin_generation: FIRST\nbuild_tools_version: \"26.0.2\"\ncompile_sdk: \"android-26\"\nsplits {\n}\n","variant":"id: 1\nis_debug: true\nminify_enabled: false\nuse_multidex: false\nuse_legacy_multidex: false\nvariant_type: APPLICATION\nmin_sdk_version {\n  api_level: 15\n}\ntarget_sdk_version {\n  api_level: 26\n}\ndex_builder: DX_DEXER\ndex_merger: DX_MERGER\n","task":"type: 76\ndid_work: false\nskipped: true\nup_to_date: true\nfailed: false\n"},"ph":"X","ts":1523843999439000,"dur":13000},{"pid":1,"tid":0,"id":46,"name":"task: android java compile","args":{"span_id":"46","project":"id: 1\nandroid_plugin_version: \"3.0.1\"\nandroid_plugin: APPLICATION\nplugin_generation: FIRST\nbuild_tools_version: \"26.0.2\"\ncompile_sdk: \"android-26\"\nsplits {\n}\n","task":"type: 3\ndid_work: false\nskipped: true\nup_to_date: true\nfailed: false\n"},"ph":"X","ts":1523843999453000,"dur":22000},{"pid":1,"tid":0,"id":47,"name":"task: merge source set folders","args":{"span_id":"47","project":"id: 1\nandroid_plugin_version: \"3.0.1\"\nandroid_plugin: APPLICATION\nplugin_generation: FIRST\nbuild_tools_version: \"26.0.2\"\ncompile_sdk: \"android-26\"\nsplits {\n}\n","variant":"id: 1\nis_debug: true\nminify_enabled: false\nuse_multidex: false\nuse_legacy_multidex: false\nvariant_type: APPLICATION\nmin_sdk_version {\n  api_level: 15\n}\ntarget_sdk_version {\n  api_level: 26\n}\ndex_builder: DX_DEXER\ndex_merger: DX_MERGER\n","task":"type: 41\ndid_work: false\nskipped: true\nup_to_date: true\nfailed: false\n"},"ph":"X","ts":1523843999476000,"dur":2000},{"pid":1,"tid":0,"id":48,"name":"task: shader compile","args":{"span_id":"48","project":"id: 1\nandroid_plugin_version: \"3.0.1\"\nandroid_plugin: APPLICATION\nplugin_generation: FIRST\nbuild_tools_version: \"26.0.2\"\ncompile_sdk: \"android-26\"\nsplits {\n}\n","variant":"id: 1\nis_debug: true\nminify_enabled: false\nuse_multidex: false\nuse_legacy_multidex: false\nvariant_type: APPLICATION\nmin_sdk_version {\n  api_level: 15\n}\ntarget_sdk_version {\n  api_level: 26\n}\ndex_builder: DX_DEXER\ndex_merger: DX_MERGER\n","task":"type: 55\ndid_work: false\nskipped: true\nup_to_date: true\nfailed: false\n"},"ph":"X","ts":1523843999478000,"dur":1000},{"pid":1,"tid":0,"id":49,"name":"task: unknown task type","args":{"span_id":"49","project":"id: 1\nandroid_plugin_version: \"3.0.1\"\nandroid_plugin: APPLICATION\nplugin_generation: FIRST\nbuild_tools_version: \"26.0.2\"\ncompile_sdk: \"android-26\"\nsplits {\n}\n","task":"type: 0\ndid_work: false\nskipped: true\nup_to_date: true\nfailed: false\n"},"ph":"X","ts":1523843999480000,"dur":100},{"pid":1,"tid":0,"id":50,"name":"task: merge source set folders","args":{"span_id":"50","project":"id: 1\nandroid_plugin_version: \"3.0.1\"\nandroid_plugin: APPLICATION\nplugin_generation: FIRST\nbuild_tools_version: \"26.0.2\"\ncompile_sdk: \"android-26\"\nsplits {\n}\n","variant":"id: 1\nis_debug: true\nminify_enabled: false\nuse_multidex: false\nuse_legacy_multidex: false\nvariant_type: APPLICATION\nmin_sdk_version {\n  api_level: 15\n}\ntarget_sdk_version {\n  api_level: 26\n}\ndex_builder: DX_DEXER\ndex_merger: DX_MERGER\n","task":"type: 41\ndid_work: false\nskipped: true\nup_to_date: true\nfailed: false\n"},"ph":"X","ts":1523843999481000,"dur":7000},{"pid":1,"tid":0,"id":51,"name":"task: package application","args":{"span_id":"51","project":"id: 1\nandroid_plugin_version: \"3.0.1\"\nandroid_plugin: APPLICATION\nplugin_generation: FIRST\nbuild_tools_version: \"26.0.2\"\ncompile_sdk: \"android-26\"\nsplits {\n}\n","variant":"id: 1\nis_debug: true\nminify_enabled: false\nuse_multidex: false\nuse_legacy_multidex: false\nvariant_type: APPLICATION\nmin_sdk_version {\n  api_level: 15\n}\ntarget_sdk_version {\n  api_level: 26\n}\ndex_builder: DX_DEXER\ndex_merger: DX_MERGER\n","task":"type: 45\ndid_work: true\nskipped: false\nup_to_date: false\nfailed: false\n"},"ph":"X","ts":1523843999489000,"dur":77000},{"pid":1,"tid":0,"id":52,"name":"task: check manifest in instant run mode","args":{"span_id":"52","project":"id: 1\nandroid_plugin_version: \"3.0.1\"\nandroid_plugin: APPLICATION\nplugin_generation: FIRST\nbuild_tools_version: \"26.0.2\"\ncompile_sdk: \"android-26\"\nsplits {\n}\n","variant":"id: 1\nis_debug: true\nminify_enabled: false\nuse_multidex: false\nuse_legacy_multidex: false\nvariant_type: APPLICATION\nmin_sdk_version {\n  api_level: 15\n}\ntarget_sdk_version {\n  api_level: 26\n}\ndex_builder: DX_DEXER\ndex_merger: DX_MERGER\n","task":"type: 72\ndid_work: true\nskipped: false\nup_to_date: false\nfailed: false\n"},"ph":"X","ts":1523843999567000,"dur":4000},{"pid":1,"tid":0,"id":53,"name":"task: transform","args":{"span_id":"53","project":"id: 1\nandroid_plugin_version: \"3.0.1\"\nandroid_plugin: APPLICATION\nplugin_generation: FIRST\nbuild_tools_version: \"26.0.2\"\ncompile_sdk: \"android-26\"\nsplits {\n}\n","variant":"id: 1\nis_debug: true\nminify_enabled: false\nuse_multidex: false\nuse_legacy_multidex: false\nvariant_type: APPLICATION\nmin_sdk_version {\n  api_level: 15\n}\ntarget_sdk_version {\n  api_level: 26\n}\ndex_builder: DX_DEXER\ndex_merger: DX_MERGER\n","task":"type: 65\ndid_work: false\nskipped: true\nup_to_date: true\nfailed: false\n"},"ph":"X","ts":1523843999571000,"dur":2000},{"pid":1,"tid":0,"id":54,"name":"task: transform","args":{"span_id":"54","project":"id: 1\nandroid_plugin_version: \"3.0.1\"\nandroid_plugin: APPLICATION\nplugin_generation: FIRST\nbuild_tools_version: \"26.0.2\"\ncompile_sdk: \"android-26\"\nsplits {\n}\n","variant":"id: 1\nis_debug: true\nminify_enabled: false\nuse_multidex: false\nuse_legacy_multidex: false\nvariant_type: APPLICATION\nmin_sdk_version {\n  api_level: 15\n}\ntarget_sdk_version {\n  api_level: 26\n}\ndex_builder: DX_DEXER\ndex_merger: DX_MERGER\n","task":"type: 65\ndid_work: false\nskipped: true\nup_to_date: true\nfailed: false\n"},"ph":"X","ts":1523843999574000,"dur":9000},{"pid":1,"tid":0,"id":55,"name":"task: transform","args":{"span_id":"55","project":"id: 1\nandroid_plugin_version: \"3.0.1\"\nandroid_plugin: APPLICATION\nplugin_generation: FIRST\nbuild_tools_version: \"26.0.2\"\ncompile_sdk: \"android-26\"\nsplits {\n}\n","variant":"id: 1\nis_debug: true\nminify_enabled: false\nuse_multidex: false\nuse_legacy_multidex: false\nvariant_type: APPLICATION\nmin_sdk_version {\n  api_level: 15\n}\ntarget_sdk_version {\n  api_level: 26\n}\ndex_builder: DX_DEXER\ndex_merger: DX_MERGER\n","task":"type: 65\ndid_work: false\nskipped: true\nup_to_date: true\nfailed: false\n"},"ph":"X","ts":1523843999586000,"dur":7000},{"pid":1,"tid":0,"id":56,"name":"task: ndk compile","args":{"span_id":"56","project":"id: 1\nandroid_plugin_version: \"3.0.1\"\nandroid_plugin: APPLICATION\nplugin_generation: FIRST\nbuild_tools_version: \"26.0.2\"\ncompile_sdk: \"android-26\"\nsplits {\n}\n","variant":"id: 1\nis_debug: true\nminify_enabled: false\nuse_multidex: false\nuse_legacy_multidex: false\nvariant_type: APPLICATION\nmin_sdk_version {\n  api_level: 15\n}\ntarget_sdk_version {\n  api_level: 26\n}\ndex_builder: DX_DEXER\ndex_merger: DX_MERGER\n","task":"type: 43\ndid_work: false\nskipped: true\nup_to_date: false\nfailed: false\n"},"ph":"X","ts":1523843999594000,"dur":1000},{"pid":1,"tid":0,"id":57,"name":"task: merge source set folders","args":{"span_id":"57","project":"id: 1\nandroid_plugin_version: \"3.0.1\"\nandroid_plugin: APPLICATION\nplugin_generation: FIRST\nbuild_tools_version: \"26.0.2\"\ncompile_sdk: \"android-26\"\nsplits {\n}\n","variant":"id: 1\nis_debug: true\nminify_enabled: false\nuse_multidex: false\nuse_legacy_multidex: false\nvariant_type: APPLICATION\nmin_sdk_version {\n  api_level: 15\n}\ntarget_sdk_version {\n  api_level: 26\n}\ndex_builder: DX_DEXER\ndex_merger: DX_MERGER\n","task":"type: 41\ndid_work: false\nskipped: true\nup_to_date: true\nfailed: false\n"},"ph":"X","ts":1523843999595000,"dur":1000},{"pid":1,"tid":0,"id":58,"name":"task: transform","args":{"span_id":"58","project":"id: 1\nandroid_plugin_version: \"3.0.1\"\nandroid_plugin: APPLICATION\nplugin_generation: FIRST\nbuild_tools_version: \"26.0.2\"\ncompile_sdk: \"android-26\"\nsplits {\n}\n","variant":"id: 1\nis_debug: true\nminify_enabled: false\nuse_multidex: false\nuse_legacy_multidex: false\nvariant_type: APPLICATION\nmin_sdk_version {\n  api_level: 15\n}\ntarget_sdk_version {\n  api_level: 26\n}\ndex_builder: DX_DEXER\ndex_merger: DX_MERGER\n","task":"type: 65\ndid_work: false\nskipped: true\nup_to_date: true\nfailed: false\n"},"ph":"X","ts":1523843999597000,"dur":14000},{"pid":1,"tid":0,"id":59,"name":"task: unknown task type","args":{"span_id":"59","project":"id: 1\nandroid_plugin_version: \"3.0.1\"\nandroid_plugin: APPLICATION\nplugin_generation: FIRST\nbuild_tools_version: \"26.0.2\"\ncompile_sdk: \"android-26\"\nsplits {\n}\n","task":"type: 0\ndid_work: false\nskipped: true\nup_to_date: false\nfailed: false\n"},"ph":"X","ts":1523843999612000,"dur":100},{"pid":1,"tid":0,"id":60,"name":"task: transform","args":{"span_id":"60","project":"id: 1\nandroid_plugin_version: \"3.0.1\"\nandroid_plugin: APPLICATION\nplugin_generation: FIRST\nbuild_tools_version: \"26.0.2\"\ncompile_sdk: \"android-26\"\nsplits {\n}\n","variant":"id: 1\nis_debug: true\nminify_enabled: false\nuse_multidex: false\nuse_legacy_multidex: false\nvariant_type: APPLICATION\nmin_sdk_version {\n  api_level: 15\n}\ntarget_sdk_version {\n  api_level: 26\n}\ndex_builder: DX_DEXER\ndex_merger: DX_MERGER\n","task":"type: 65\ndid_work: false\nskipped: true\nup_to_date: true\nfailed: false\n"},"ph":"X","ts":1523843999613000,"dur":10000},{"pid":1,"tid":0,"id":61,"name":"task: transform","args":{"span_id":"61","project":"id: 1\nandroid_plugin_version: \"3.0.1\"\nandroid_plugin: APPLICATION\nplugin_generation: FIRST\nbuild_tools_version: \"26.0.2\"\ncompile_sdk: \"android-26\"\nsplits {\n}\n","variant":"id: 1\nis_debug: true\nminify_enabled: false\nuse_multidex: false\nuse_legacy_multidex: false\nvariant_type: APPLICATION\nmin_sdk_version {\n  api_level: 15\n}\ntarget_sdk_version {\n  api_level: 26\n}\ndex_builder: DX_DEXER\ndex_merger: DX_MERGER\n","task":"type: 65\ndid_work: false\nskipped: true\nup_to_date: true\nfailed: false\n"},"ph":"X","ts":1523843999625000,"dur":1000},{"pid":1,"tid":0,"id":62,"name":"task: transform","args":{"span_id":"62","project":"id: 1\nandroid_plugin_version: \"3.0.1\"\nandroid_plugin: APPLICATION\nplugin_generation: FIRST\nbuild_tools_version: \"26.0.2\"\ncompile_sdk: \"android-26\"\nsplits {\n}\n","variant":"id: 1\nis_debug: true\nminify_enabled: false\nuse_multidex: false\nuse_legacy_multidex: false\nvariant_type: APPLICATION\nmin_sdk_version {\n  api_level: 15\n}\ntarget_sdk_version {\n  api_level: 26\n}\ndex_builder: DX_DEXER\ndex_merger: DX_MERGER\n","task":"type: 65\ndid_work: false\nskipped: true\nup_to_date: true\nfailed: false\n"},"ph":"X","ts":1523843999626000,"dur":24000},{"pid":1,"tid":0,"id":63,"name":"task: transform","args":{"span_id":"63","project":"id: 1\nandroid_plugin_version: \"3.0.1\"\nandroid_plugin: APPLICATION\nplugin_generation: FIRST\nbuild_tools_version: \"26.0.2\"\ncompile_sdk: \"android-26\"\nsplits {\n}\n","variant":"id: 1\nis_debug: true\nminify_enabled: false\nuse_multidex: false\nuse_legacy_multidex: false\nvariant_type: APPLICATION\nmin_sdk_version {\n  api_level: 15\n}\ntarget_sdk_version {\n  api_level: 26\n}\ndex_builder: DX_DEXER\ndex_merger: DX_MERGER\n","task":"type: 65\ndid_work: false\nskipped: true\nup_to_date: true\nfailed: false\n"},"ph":"X","ts":1523843999650000,"dur":1000},{"pid":1,"tid":0,"id":64,"name":"task: unknown task type","args":{"span_id":"64","project":"id: 1\nandroid_plugin_version: \"3.0.1\"\nandroid_plugin: APPLICATION\nplugin_generation: FIRST\nbuild_tools_version: \"26.0.2\"\ncompile_sdk: \"android-26\"\nsplits {\n}\n","task":"type: 0\ndid_work: false\nskipped: true\nup_to_date: true\nfailed: false\n"},"ph":"X","ts":1523843999651000,"dur":1000},{"pid":1,"tid":0,"id":65,"name":"task: pre cold swap","args":{"span_id":"65","project":"id: 1\nandroid_plugin_version: \"3.0.1\"\nandroid_plugin: APPLICATION\nplugin_generation: FIRST\nbuild_tools_version: \"26.0.2\"\ncompile_sdk: \"android-26\"\nsplits {\n}\n","variant":"id: 1\nis_debug: true\nminify_enabled: false\nuse_multidex: false\nuse_legacy_multidex: false\nvariant_type: APPLICATION\nmin_sdk_version {\n  api_level: 15\n}\ntarget_sdk_version {\n  api_level: 26\n}\ndex_builder: DX_DEXER\ndex_merger: DX_MERGER\n","task":"type: 48\ndid_work: true\nskipped: false\nup_to_date: false\nfailed: false\n"},"ph":"X","ts":1523843999652000,"dur":100},{"pid":1,"tid":0,"id":66,"name":"task: fast deploy runtime extractor","args":{"span_id":"66","project":"id: 1\nandroid_plugin_version: \"3.0.1\"\nandroid_plugin: APPLICATION\nplugin_generation: FIRST\nbuild_tools_version: \"26.0.2\"\ncompile_sdk: \"android-26\"\nsplits {\n}\n","variant":"id: 1\nis_debug: true\nminify_enabled: false\nuse_multidex: false\nuse_legacy_multidex: false\nvariant_type: APPLICATION\nmin_sdk_version {\n  api_level: 15\n}\ntarget_sdk_version {\n  api_level: 26\n}\ndex_builder: DX_DEXER\ndex_merger: DX_MERGER\n","task":"type: 21\ndid_work: false\nskipped: true\nup_to_date: true\nfailed: false\n"},"ph":"X","ts":1523843999653000,"dur":100},{"pid":1,"tid":0,"id":67,"name":"task: generate instant run app info","args":{"span_id":"67","project":"id: 1\nandroid_plugin_version: \"3.0.1\"\nandroid_plugin: APPLICATION\nplugin_generation: FIRST\nbuild_tools_version: \"26.0.2\"\ncompile_sdk: \"android-26\"\nsplits {\n}\n","variant":"id: 1\nis_debug: true\nminify_enabled: false\nuse_multidex: false\nuse_legacy_multidex: false\nvariant_type: APPLICATION\nmin_sdk_version {\n  api_level: 15\n}\ntarget_sdk_version {\n  api_level: 26\n}\ndex_builder: DX_DEXER\ndex_merger: DX_MERGER\n","task":"type: 25\ndid_work: false\nskipped: true\nup_to_date: true\nfailed: false\n"},"ph":"X","ts":1523843999654000,"dur":2000},{"pid":1,"tid":0,"id":68,"name":"task: transform","args":{"span_id":"68","project":"id: 1\nandroid_plugin_version: \"3.0.1\"\nandroid_plugin: APPLICATION\nplugin_generation: FIRST\nbuild_tools_version: \"26.0.2\"\ncompile_sdk: \"android-26\"\nsplits {\n}\n","variant":"id: 1\nis_debug: true\nminify_enabled: false\nuse_multidex: false\nuse_legacy_multidex: false\nvariant_type: APPLICATION\nmin_sdk_version {\n  api_level: 15\n}\ntarget_sdk_version {\n  api_level: 26\n}\ndex_builder: DX_DEXER\ndex_merger: DX_MERGER\n","task":"type: 65\ndid_work: false\nskipped: true\nup_to_date: false\nfailed: false\n"},"ph":"X","ts":1523843999657000,"dur":100},{"pid":1,"tid":0,"id":69,"name":"task: transform","args":{"span_id":"69","project":"id: 1\nandroid_plugin_version: \"3.0.1\"\nandroid_plugin: APPLICATION\nplugin_generation: FIRST\nbuild_tools_version: \"26.0.2\"\ncompile_sdk: \"android-26\"\nsplits {\n}\n","variant":"id: 1\nis_debug: true\nminify_enabled: false\nuse_multidex: false\nuse_legacy_multidex: false\nvariant_type: APPLICATION\nmin_sdk_version {\n  api_level: 15\n}\ntarget_sdk_version {\n  api_level: 26\n}\ndex_builder: DX_DEXER\ndex_merger: DX_MERGER\n","task":"type: 65\ndid_work: false\nskipped: true\nup_to_date: false\nfailed: false\n"},"ph":"X","ts":1523843999658000,"dur":100},{"pid":1,"tid":0,"id":70,"name":"task: transform","args":{"span_id":"70","project":"id: 1\nandroid_plugin_version: \"3.0.1\"\nandroid_plugin: APPLICATION\nplugin_generation: FIRST\nbuild_tools_version: \"26.0.2\"\ncompile_sdk: \"android-26\"\nsplits {\n}\n","variant":"id: 1\nis_debug: true\nminify_enabled: false\nuse_multidex: false\nuse_legacy_multidex: false\nvariant_type: APPLICATION\nmin_sdk_version {\n  api_level: 15\n}\ntarget_sdk_version {\n  api_level: 26\n}\ndex_builder: DX_DEXER\ndex_merger: DX_MERGER\n","task":"type: 65\ndid_work: false\nskipped: true\nup_to_date: true\nfailed: false\n"},"ph":"X","ts":1523843999659000,"dur":15000},{"pid":1,"tid":0,"id":71,"name":"task: transform","args":{"span_id":"71","project":"id: 1\nandroid_plugin_version: \"3.0.1\"\nandroid_plugin: APPLICATION\nplugin_generation: FIRST\nbuild_tools_version: \"26.0.2\"\ncompile_sdk: \"android-26\"\nsplits {\n}\n","variant":"id: 1\nis_debug: true\nminify_enabled: false\nuse_multidex: false\nuse_legacy_multidex: false\nvariant_type: APPLICATION\nmin_sdk_version {\n  api_level: 15\n}\ntarget_sdk_version {\n  api_level: 26\n}\ndex_builder: DX_DEXER\ndex_merger: DX_MERGER\n","task":"type: 65\ndid_work: false\nskipped: true\nup_to_date: false\nfailed: false\n"},"ph":"X","ts":1523843999674000,"dur":100},{"pid":1,"tid":0,"id":72,"name":"task: validate signing","args":{"span_id":"72","project":"id: 1\nandroid_plugin_version: \"3.0.1\"\nandroid_plugin: APPLICATION\nplugin_generation: FIRST\nbuild_tools_version: \"26.0.2\"\ncompile_sdk: \"android-26\"\nsplits {\n}\n","variant":"id: 1\nis_debug: true\nminify_enabled: false\nuse_multidex: false\nuse_legacy_multidex: false\nvariant_type: APPLICATION\nmin_sdk_version {\n  api_level: 15\n}\ntarget_sdk_version {\n  api_level: 26\n}\ndex_builder: DX_DEXER\ndex_merger: DX_MERGER\n","task":"type: 67\ndid_work: true\nskipped: false\nup_to_date: false\nfailed: false\n"},"ph":"X","ts":1523843999674000,"dur":1000},{"pid":1,"tid":0,"id":73,"name":"task: transform","args":{"span_id":"73","project":"id: 1\nandroid_plugin_version: \"3.0.1\"\nandroid_plugin: APPLICATION\nplugin_generation: FIRST\nbuild_tools_version: \"26.0.2\"\ncompile_sdk: \"android-26\"\nsplits {\n}\n","variant":"id: 1\nis_debug: true\nminify_enabled: false\nuse_multidex: false\nuse_legacy_multidex: false\nvariant_type: APPLICATION\nmin_sdk_version {\n  api_level: 15\n}\ntarget_sdk_version {\n  api_level: 26\n}\ndex_builder: DX_DEXER\ndex_merger: DX_MERGER\n","task":"type: 65\ndid_work: false\nskipped: true\nup_to_date: true\nfailed: false\n"},"ph":"X","ts":1523843999676000,"dur":2000},{"pid":1,"tid":0,"id":74,"name":"task: transform","args":{"span_id":"74","project":"id: 1\nandroid_plugin_version: \"3.0.1\"\nandroid_plugin: APPLICATION\nplugin_generation: FIRST\nbuild_tools_version: \"26.0.2\"\ncompile_sdk: \"android-26\"\nsplits {\n}\n","variant":"id: 1\nis_debug: true\nminify_enabled: false\nuse_multidex: false\nuse_legacy_multidex: false\nvariant_type: APPLICATION\nmin_sdk_version {\n  api_level: 15\n}\ntarget_sdk_version {\n  api_level: 26\n}\ndex_builder: DX_DEXER\ndex_merger: DX_MERGER\n","task":"type: 65\ndid_work: false\nskipped: true\nup_to_date: true\nfailed: false\n"},"ph":"X","ts":1523843999678000,"dur":2000},{"pid":1,"tid":0,"id":75,"name":"task: package application","args":{"span_id":"75","project":"id: 1\nandroid_plugin_version: \"3.0.1\"\nandroid_plugin: APPLICATION\nplugin_generation: FIRST\nbuild_tools_version: \"26.0.2\"\ncompile_sdk: \"android-26\"\nsplits {\n}\n","variant":"id: 1\nis_debug: true\nminify_enabled: false\nuse_multidex: false\nuse_legacy_multidex: false\nvariant_type: APPLICATION\nmin_sdk_version {\n  api_level: 15\n}\ntarget_sdk_version {\n  api_level: 26\n}\ndex_builder: DX_DEXER\ndex_merger: DX_MERGER\n","task":"type: 45\ndid_work: false\nskipped: true\nup_to_date: false\nfailed: false\n"},"ph":"X","ts":1523843999681000,"dur":100},{"pid":1,"tid":0,"id":76,"name":"task: build info writer","args":{"span_id":"76","project":"id: 1\nandroid_plugin_version: \"3.0.1\"\nandroid_plugin: APPLICATION\nplugin_generation: FIRST\nbuild_tools_version: \"26.0.2\"\ncompile_sdk: \"android-26\"\nsplits {\n}\n","variant":"id: 1\nis_debug: true\nminify_enabled: false\nuse_multidex: false\nuse_legacy_multidex: false\nvariant_type: APPLICATION\nmin_sdk_version {\n  api_level: 15\n}\ntarget_sdk_version {\n  api_level: 26\n}\ndex_builder: DX_DEXER\ndex_merger: DX_MERGER\n","task":"type: 70\ndid_work: true\nskipped: false\nup_to_date: false\nfailed: false\n"},"ph":"X","ts":1523843999681000,"dur":4000},{"pid":1,"tid":0,"id":77,"name":"task: unknown task type","args":{"span_id":"77","project":"id: 1\nandroid_plugin_version: \"3.0.1\"\nandroid_plugin: APPLICATION\nplugin_generation: FIRST\nbuild_tools_version: \"26.0.2\"\ncompile_sdk: \"android-26\"\nsplits {\n}\n","task":"type: 0\ndid_work: false\nskipped: true\nup_to_date: true\nfailed: false\n"},"ph":"X","ts":1523843999685000,"dur":1000},{"pid":1,"tid":0,"id":78,"name":"task: unknown task type","args":{"span_id":"78","project":"id: 1\nandroid_plugin_version: \"3.0.1\"\nandroid_plugin: APPLICATION\nplugin_generation: FIRST\nbuild_tools_version: \"26.0.2\"\ncompile_sdk: \"android-26\"\nsplits {\n}\n","task":"type: 0\ndid_work: false\nskipped: false\nup_to_date: false\nfailed: false\n"},"ph":"X","ts":1523843999686000,"dur":100},{"pid":1,"tid":13,"id":79,"name":"base plugin build finished","args":{"span_id":"79","project":"id: 1\nandroid_plugin_version: \"3.0.1\"\nandroid_plugin: APPLICATION\nplugin_generation: FIRST\nbuild_tools_version: \"26.0.2\"\ncompile_sdk: \"android-26\"\nsplits {\n}\n"},"ph":"X","ts":1523843999694000,"dur":100}]