[{"pid":0,"ph":"i","name":"Memory sample","ts":1523967802753000,"args":{"JVM stats":"heap_memory_usage: 113323032\nnon_heap_memory_usage: 104802936\nloaded_class_count: 12620\nthread_count: 27\ngarbage_collection_stats {\n  name: \"PS Scavenge\"\n  gc_collections: 0\n  gc_time: 0\n}\ngarbage_collection_stats {\n  name: \"PS MarkSweep\"\n  gc_collections: 0\n  gc_time: 0\n}\n"}},{"pid":0,"ph":"i","name":"Memory sample","ts":1523967802884000,"args":{"JVM stats":"heap_memory_usage: 124800608\nnon_heap_memory_usage: 104815792\nloaded_class_count: 12628\nthread_count: 35\ngarbage_collection_stats {\n  name: \"PS Scavenge\"\n  gc_collections: 0\n  gc_time: 0\n}\ngarbage_collection_stats {\n  name: \"PS MarkSweep\"\n  gc_collections: 0\n  gc_time: 0\n}\n"}},{"pid":0,"ph":"i","name":"Memory sample","ts":1523967803101000,"args":{"JVM stats":"heap_memory_usage: 129141360\nnon_heap_memory_usage: 104845384\nloaded_class_count: 12628\nthread_count: 35\ngarbage_collection_stats {\n  name: \"PS Scavenge\"\n  gc_collections: 0\n  gc_time: 0\n}\ngarbage_collection_stats {\n  name: \"PS MarkSweep\"\n  gc_collections: 0\n  gc_time: 0\n}\n"}},{"pid":0,"ph":"i","name":"Memory sample","ts":1523967803102000,"args":{"JVM stats":"heap_memory_usage: 129281440\nnon_heap_memory_usage: 104845384\nloaded_class_count: 12628\nthread_count: 35\ngarbage_collection_stats {\n  name: \"PS Scavenge\"\n  gc_collections: 0\n  gc_time: 0\n}\ngarbage_collection_stats {\n  name: \"PS MarkSweep\"\n  gc_collections: 0\n  gc_time: 0\n}\n"}},{"pid":0,"ph":"i","name":"Memory sample","ts":1523967803172000,"args":{"JVM stats":"heap_memory_usage: 136572336\nnon_heap_memory_usage: 104908256\nloaded_class_count: 12629\nthread_count: 35\ngarbage_collection_stats {\n  name: \"PS Scavenge\"\n  gc_collections: 0\n  gc_time: 0\n}\ngarbage_collection_stats {\n  name: \"PS MarkSweep\"\n  gc_collections: 0\n  gc_time: 0\n}\n"}},{"pid":0,"ph":"i","name":"Memory sample","ts":1523967803199000,"args":{"JVM stats":"heap_memory_usage: 137410872\nnon_heap_memory_usage: 104932624\nloaded_class_count: 12629\nthread_count: 35\ngarbage_collection_stats {\n  name: \"PS Scavenge\"\n  gc_collections: 0\n  gc_time: 0\n}\ngarbage_collection_stats {\n  name: \"PS MarkSweep\"\n  gc_collections: 0\n  gc_time: 0\n}\n"}},{"pid":0,"ph":"i","name":"Memory sample","ts":1523967803212000,"args":{"JVM stats":"heap_memory_usage: 137973976\nnon_heap_memory_usage: 104949216\nloaded_class_count: 12629\nthread_count: 35\ngarbage_collection_stats {\n  name: \"PS Scavenge\"\n  gc_collections: 0\n  gc_time: 0\n}\ngarbage_collection_stats {\n  name: \"PS MarkSweep\"\n  gc_collections: 0\n  gc_time: 0\n}\n"}},{"pid":0,"ph":"i","name":"Memory sample","ts":1523967803216000,"args":{"JVM stats":"heap_memory_usage: 138253384\nnon_heap_memory_usage: 104966512\nloaded_class_count: 12630\nthread_count: 35\ngarbage_collection_stats {\n  name: \"PS Scavenge\"\n  gc_collections: 0\n  gc_time: 0\n}\ngarbage_collection_stats {\n  name: \"PS MarkSweep\"\n  gc_collections: 0\n  gc_time: 0\n}\n"}},{"pid":0,"ph":"i","name":"Memory sample","ts":1523967803224000,"args":{"JVM stats":"heap_memory_usage: 138541048\nnon_heap_memory_usage: 104972048\nloaded_class_count: 12630\nthread_count: 35\ngarbage_collection_stats {\n  name: \"PS Scavenge\"\n  gc_collections: 0\n  gc_time: 0\n}\ngarbage_collection_stats {\n  name: \"PS MarkSweep\"\n  gc_collections: 0\n  gc_time: 0\n}\n"}},{"pid":0,"ph":"i","name":"Memory sample","ts":1523967803227000,"args":{"JVM stats":"heap_memory_usage: 138541048\nnon_heap_memory_usage: 104972048\nloaded_class_count: 12630\nthread_count: 35\ngarbage_collection_stats {\n  name: \"PS Scavenge\"\n  gc_collections: 0\n  gc_time: 0\n}\ngarbage_collection_stats {\n  name: \"PS MarkSweep\"\n  gc_collections: 0\n  gc_time: 0\n}\n"}},{"pid":0,"ph":"i","name":"Memory sample","ts":1523967803230000,"args":{"JVM stats":"heap_memory_usage: 138680752\nnon_heap_memory_usage: 104973312\nloaded_class_count: 12630\nthread_count: 35\ngarbage_collection_stats {\n  name: \"PS Scavenge\"\n  gc_collections: 0\n  gc_time: 0\n}\ngarbage_collection_stats {\n  name: \"PS MarkSweep\"\n  gc_collections: 0\n  gc_time: 0\n}\n"}},{"pid":0,"ph":"i","name":"Memory sample","ts":1523967803231000,"args":{"JVM stats":"heap_memory_usage: 138680752\nnon_heap_memory_usage: 104975744\nloaded_class_count: 12630\nthread_count: 35\ngarbage_collection_stats {\n  name: \"PS Scavenge\"\n  gc_collections: 0\n  gc_time: 0\n}\ngarbage_collection_stats {\n  name: \"PS MarkSweep\"\n  gc_collections: 0\n  gc_time: 0\n}\n"}},{"pid":0,"ph":"i","name":"Memory sample","ts":1523967804278000,"args":{"JVM stats":"heap_memory_usage: 264998440\nnon_heap_memory_usage: 105705976\nloaded_class_count: 12631\nthread_count: 48\ngarbage_collection_stats {\n  name: \"PS Scavenge\"\n  gc_collections: 0\n  gc_time: 0\n}\ngarbage_collection_stats {\n  name: \"PS MarkSweep\"\n  gc_collections: 0\n  gc_time: 0\n}\n"}},{"pid":0,"ph":"i","name":"Memory sample","ts":1523967804292000,"args":{"JVM stats":"heap_memory_usage: 266273504\nnon_heap_memory_usage: 105724080\nloaded_class_count: 12633\nthread_count: 48\ngarbage_collection_stats {\n  name: \"PS Scavenge\"\n  gc_collections: 0\n  gc_time: 0\n}\ngarbage_collection_stats {\n  name: \"PS MarkSweep\"\n  gc_collections: 0\n  gc_time: 0\n}\n"}},{"pid":0,"ph":"i","name":"Memory sample","ts":1523967804344000,"args":{"JVM stats":"heap_memory_usage: 272490888\nnon_heap_memory_usage: 105892072\nloaded_class_count: 12638\nthread_count: 48\ngarbage_collection_stats {\n  name: \"PS Scavenge\"\n  gc_collections: 0\n  gc_time: 0\n}\ngarbage_collection_stats {\n  name: \"PS MarkSweep\"\n  gc_collections: 0\n  gc_time: 0\n}\n"}},{"pid":0,"ph":"i","name":"Memory sample","ts":1523967804348000,"args":{"JVM stats":"heap_memory_usage: 272774664\nnon_heap_memory_usage: 105898280\nloaded_class_count: 12638\nthread_count: 48\ngarbage_collection_stats {\n  name: \"PS Scavenge\"\n  gc_collections: 0\n  gc_time: 0\n}\ngarbage_collection_stats {\n  name: \"PS MarkSweep\"\n  gc_collections: 0\n  gc_time: 0\n}\n"}},{"pid":0,"ph":"i","name":"Memory sample","ts":1523967805005000,"args":{"JVM stats":"heap_memory_usage: 58233008\nnon_heap_memory_usage: 106399040\nloaded_class_count: 12638\nthread_count: 49\ngarbage_collection_stats {\n  name: \"PS Scavenge\"\n  gc_collections: 1\n  gc_time: 14\n}\ngarbage_collection_stats {\n  name: \"PS MarkSweep\"\n  gc_collections: 0\n  gc_time: 0\n}\n"}},{"pid":0,"ph":"i","name":"Memory sample","ts":1523967805006000,"args":{"JVM stats":"heap_memory_usage: 60310304\nnon_heap_memory_usage: 106400168\nloaded_class_count: 12638\nthread_count: 49\ngarbage_collection_stats {\n  name: \"PS Scavenge\"\n  gc_collections: 0\n  gc_time: 0\n}\ngarbage_collection_stats {\n  name: \"PS MarkSweep\"\n  gc_collections: 0\n  gc_time: 0\n}\n"}},{"pid":0,"ph":"i","name":"Memory sample","ts":1523967805069000,"args":{"JVM stats":"heap_memory_usage: 65881576\nnon_heap_memory_usage: 106627064\nloaded_class_count: 12642\nthread_count: 49\ngarbage_collection_stats {\n  name: \"PS Scavenge\"\n  gc_collections: 0\n  gc_time: 0\n}\ngarbage_collection_stats {\n  name: \"PS MarkSweep\"\n  gc_collections: 0\n  gc_time: 0\n}\n"}},{"pid":0,"ph":"i","name":"Memory sample","ts":1523967805097000,"args":{"JVM stats":"heap_memory_usage: 66968240\nnon_heap_memory_usage: 106674096\nloaded_class_count: 12642\nthread_count: 48\ngarbage_collection_stats {\n  name: \"PS Scavenge\"\n  gc_collections: 0\n  gc_time: 0\n}\ngarbage_collection_stats {\n  name: \"PS MarkSweep\"\n  gc_collections: 0\n  gc_time: 0\n}\n"}},{"pid":0,"ph":"i","name":"Memory sample","ts":1523967805149000,"args":{"JVM stats":"heap_memory_usage: 70097912\nnon_heap_memory_usage: 106735664\nloaded_class_count: 12643\nthread_count: 48\ngarbage_collection_stats {\n  name: \"PS Scavenge\"\n  gc_collections: 0\n  gc_time: 0\n}\ngarbage_collection_stats {\n  name: \"PS MarkSweep\"\n  gc_collections: 0\n  gc_time: 0\n}\n"}},{"pid":0,"ph":"i","name":"Memory sample","ts":1523967805166000,"args":{"JVM stats":"heap_memory_usage: 71147464\nnon_heap_memory_usage: 106758152\nloaded_class_count: 12643\nthread_count: 48\ngarbage_collection_stats {\n  name: \"PS Scavenge\"\n  gc_collections: 0\n  gc_time: 0\n}\ngarbage_collection_stats {\n  name: \"PS MarkSweep\"\n  gc_collections: 0\n  gc_time: 0\n}\n"}},{"pid":0,"ph":"i","name":"Memory sample","ts":1523967805170000,"args":{"JVM stats":"heap_memory_usage: 71382904\nnon_heap_memory_usage: 106788984\nloaded_class_count: 12643\nthread_count: 48\ngarbage_collection_stats {\n  name: \"PS Scavenge\"\n  gc_collections: 0\n  gc_time: 0\n}\ngarbage_collection_stats {\n  name: \"PS MarkSweep\"\n  gc_collections: 0\n  gc_time: 0\n}\n"}},{"pid":0,"ph":"i","name":"Memory sample","ts":1523967805173000,"args":{"JVM stats":"heap_memory_usage: 71519312\nnon_heap_memory_usage: 106779768\nloaded_class_count: 12643\nthread_count: 48\ngarbage_collection_stats {\n  name: \"PS Scavenge\"\n  gc_collections: 0\n  gc_time: 0\n}\ngarbage_collection_stats {\n  name: \"PS MarkSweep\"\n  gc_collections: 0\n  gc_time: 0\n}\n"}},{"pid":0,"ph":"i","name":"Memory sample","ts":1523967805173001,"args":{"JVM stats":"heap_memory_usage: 71605808\nnon_heap_memory_usage: 106780472\nloaded_class_count: 12643\nthread_count: 48\ngarbage_collection_stats {\n  name: \"PS Scavenge\"\n  gc_collections: 0\n  gc_time: 0\n}\ngarbage_collection_stats {\n  name: \"PS MarkSweep\"\n  gc_collections: 0\n  gc_time: 0\n}\n"}},{"pid":0,"ph":"i","name":"Memory sample","ts":1523967805986000,"args":{"JVM stats":"heap_memory_usage: 172736904\nnon_heap_memory_usage: 107293184\nloaded_class_count: 12644\nthread_count: 49\ngarbage_collection_stats {\n  name: \"PS Scavenge\"\n  gc_collections: 0\n  gc_time: 0\n}\ngarbage_collection_stats {\n  name: \"PS MarkSweep\"\n  gc_collections: 0\n  gc_time: 0\n}\n"}},{"pid":0,"ph":"i","name":"Memory sample","ts":1523967805992000,"args":{"JVM stats":"heap_memory_usage: 173832040\nnon_heap_memory_usage: 107316168\nloaded_class_count: 12644\nthread_count: 49\ngarbage_collection_stats {\n  name: \"PS Scavenge\"\n  gc_collections: 0\n  gc_time: 0\n}\ngarbage_collection_stats {\n  name: \"PS MarkSweep\"\n  gc_collections: 0\n  gc_time: 0\n}\n"}},{"pid":0,"ph":"i","name":"Memory sample","ts":1523967806456000,"args":{"JVM stats":"heap_memory_usage: 184542488\nnon_heap_memory_usage: 107564912\nloaded_class_count: 12646\nthread_count: 49\ngarbage_collection_stats {\n  name: \"PS Scavenge\"\n  gc_collections: 0\n  gc_time: 0\n}\ngarbage_collection_stats {\n  name: \"PS MarkSweep\"\n  gc_collections: 0\n  gc_time: 0\n}\n"}},{"pid":0,"ph":"i","name":"Memory sample","ts":1523967806461000,"args":{"JVM stats":"heap_memory_usage: 184780704\nnon_heap_memory_usage: 107572592\nloaded_class_count: 12646\nthread_count: 49\ngarbage_collection_stats {\n  name: \"PS Scavenge\"\n  gc_collections: 0\n  gc_time: 0\n}\ngarbage_collection_stats {\n  name: \"PS MarkSweep\"\n  gc_collections: 0\n  gc_time: 0\n}\n"}},{"pid":0,"ph":"i","name":"Memory sample","ts":1523967806471000,"args":{"JVM stats":"heap_memory_usage: 185192912\nnon_heap_memory_usage: 107586824\nloaded_class_count: 12647\nthread_count: 49\ngarbage_collection_stats {\n  name: \"PS Scavenge\"\n  gc_collections: 0\n  gc_time: 0\n}\ngarbage_collection_stats {\n  name: \"PS MarkSweep\"\n  gc_collections: 0\n  gc_time: 0\n}\n"}},{"pid":0,"ph":"i","name":"Memory sample","ts":1523967806478000,"args":{"JVM stats":"heap_memory_usage: 185192912\nnon_heap_memory_usage: 107606928\nloaded_class_count: 12647\nthread_count: 41\ngarbage_collection_stats {\n  name: \"PS Scavenge\"\n  gc_collections: 0\n  gc_time: 0\n}\ngarbage_collection_stats {\n  name: \"PS MarkSweep\"\n  gc_collections: 0\n  gc_time: 0\n}\n"}},{"pid":1,"tid":3,"id":2,"name":"base plugin project configure","args":{"span_id":"2","project":"id: 1\nandroid_plugin_version: \"3.0.1\"\nandroid_plugin: APPLICATION\nplugin_generation: FIRST\nbuild_tools_version: \"26.0.2\"\ncompile_sdk: \"android-26\"\nsplits {\n}\n"},"ph":"X","ts":1523967802754000,"dur":9000},{"pid":1,"tid":3,"id":3,"name":"base plugin project base extension creation","args":{"span_id":"3","project":"id: 1\nandroid_plugin_version: \"3.0.1\"\nandroid_plugin: APPLICATION\nplugin_generation: FIRST\nbuild_tools_version: \"26.0.2\"\ncompile_sdk: \"android-26\"\nsplits {\n}\n"},"ph":"X","ts":1523967802763000,"dur":7000},{"pid":1,"tid":3,"id":5,"name":"task manager create tasks","args":{"span_id":"5","project":"id: 1\nandroid_plugin_version: \"3.0.1\"\nandroid_plugin: APPLICATION\nplugin_generation: FIRST\nbuild_tools_version: \"26.0.2\"\ncompile_sdk: \"android-26\"\nsplits {\n}\n"},"ph":"X","ts":1523967802770000,"dur":7000},{"pid":1,"tid":3,"id":4,"name":"base plugin project tasks creation","args":{"span_id":"4","project":"id: 1\nandroid_plugin_version: \"3.0.1\"\nandroid_plugin: APPLICATION\nplugin_generation: FIRST\nbuild_tools_version: \"26.0.2\"\ncompile_sdk: \"android-26\"\nsplits {\n}\n"},"ph":"X","ts":1523967802770000,"dur":7000},{"pid":1,"tid":3,"id":8,"name":"variant manager create variants","args":{"span_id":"8","project":"id: 1\nandroid_plugin_version: \"3.0.1\"\nandroid_plugin: APPLICATION\nplugin_generation: FIRST\nbuild_tools_version: \"26.0.2\"\ncompile_sdk: \"android-26\"\nsplits {\n}\n"},"ph":"X","ts":1523967802804000,"dur":5000},{"pid":1,"tid":3,"id":9,"name":"variant manager create tests tasks","args":{"span_id":"9","project":"id: 1\nandroid_plugin_version: \"3.0.1\"\nandroid_plugin: APPLICATION\nplugin_generation: FIRST\nbuild_tools_version: \"26.0.2\"\ncompile_sdk: \"android-26\"\nsplits {\n}\n"},"ph":"X","ts":1523967802809000,"dur":2000},{"pid":1,"tid":3,"id":11,"name":"app task manager create merge manifest task","args":{"span_id":"11","project":"id: 1\nandroid_plugin_version: \"3.0.1\"\nandroid_plugin: APPLICATION\nplugin_generation: FIRST\nbuild_tools_version: \"26.0.2\"\ncompile_sdk: \"android-26\"\nsplits {\n}\n","variant":"id: 1\nis_debug: true\nminify_enabled: false\nuse_multidex: false\nuse_legacy_multidex: false\nvariant_type: APPLICATION\nmin_sdk_version {\n  api_level: 17\n}\ntarget_sdk_version {\n  api_level: 26\n}\ndex_builder: DX_DEXER\ndex_merger: DX_MERGER\n"},"ph":"X","ts":1523967802813000,"dur":5000},{"pid":1,"tid":3,"id":12,"name":"app task manager create generate res values task","args":{"span_id":"12","project":"id: 1\nandroid_plugin_version: \"3.0.1\"\nandroid_plugin: APPLICATION\nplugin_generation: FIRST\nbuild_tools_version: \"26.0.2\"\ncompile_sdk: \"android-26\"\nsplits {\n}\n","variant":"id: 1\nis_debug: true\nminify_enabled: false\nuse_multidex: false\nuse_legacy_multidex: false\nvariant_type: APPLICATION\nmin_sdk_version {\n  api_level: 17\n}\ntarget_sdk_version {\n  api_level: 26\n}\ndex_builder: DX_DEXER\ndex_merger: DX_MERGER\n"},"ph":"X","ts":1523967802819000,"dur":100},{"pid":1,"tid":3,"id":13,"name":"app task manager create create renderscript task","args":{"span_id":"13","project":"id: 1\nandroid_plugin_version: \"3.0.1\"\nandroid_plugin: APPLICATION\nplugin_generation: FIRST\nbuild_tools_version: \"26.0.2\"\ncompile_sdk: \"android-26\"\nsplits {\n}\n","variant":"id: 1\nis_debug: true\nminify_enabled: false\nuse_multidex: false\nuse_legacy_multidex: false\nvariant_type: APPLICATION\nmin_sdk_version {\n  api_level: 17\n}\ntarget_sdk_version {\n  api_level: 26\n}\ndex_builder: DX_DEXER\ndex_merger: DX_MERGER\n"},"ph":"X","ts":1523967802819000,"dur":1000},{"pid":1,"tid":3,"id":14,"name":"app task manager create merge resources task","args":{"span_id":"14","project":"id: 1\nandroid_plugin_version: \"3.0.1\"\nandroid_plugin: APPLICATION\nplugin_generation: FIRST\nbuild_tools_version: \"26.0.2\"\ncompile_sdk: \"android-26\"\nsplits {\n}\n","variant":"id: 1\nis_debug: true\nminify_enabled: false\nuse_multidex: false\nuse_legacy_multidex: false\nvariant_type: APPLICATION\nmin_sdk_version {\n  api_level: 17\n}\ntarget_sdk_version {\n  api_level: 26\n}\ndex_builder: DX_DEXER\ndex_merger: DX_MERGER\n"},"ph":"X","ts":1523967802820000,"dur":1000},{"pid":1,"tid":3,"id":15,"name":"app task manager create merge assets task","args":{"span_id":"15","project":"id: 1\nandroid_plugin_version: \"3.0.1\"\nandroid_plugin: APPLICATION\nplugin_generation: FIRST\nbuild_tools_version: \"26.0.2\"\ncompile_sdk: \"android-26\"\nsplits {\n}\n","variant":"id: 1\nis_debug: true\nminify_enabled: false\nuse_multidex: false\nuse_legacy_multidex: false\nvariant_type: APPLICATION\nmin_sdk_version {\n  api_level: 17\n}\ntarget_sdk_version {\n  api_level: 26\n}\ndex_builder: DX_DEXER\ndex_merger: DX_MERGER\n"},"ph":"X","ts":1523967802821000,"dur":1000},{"pid":1,"tid":3,"id":16,"name":"app task manager create build config task","args":{"span_id":"16","project":"id: 1\nandroid_plugin_version: \"3.0.1\"\nandroid_plugin: APPLICATION\nplugin_generation: FIRST\nbuild_tools_version: \"26.0.2\"\ncompile_sdk: \"android-26\"\nsplits {\n}\n","variant":"id: 1\nis_debug: true\nminify_enabled: false\nuse_multidex: false\nuse_legacy_multidex: false\nvariant_type: APPLICATION\nmin_sdk_version {\n  api_level: 17\n}\ntarget_sdk_version {\n  api_level: 26\n}\ndex_builder: DX_DEXER\ndex_merger: DX_MERGER\n"},"ph":"X","ts":1523967802822000,"dur":100},{"pid":1,"tid":3,"id":17,"name":"app task manager create process res task","args":{"span_id":"17","project":"id: 1\nandroid_plugin_version: \"3.0.1\"\nandroid_plugin: APPLICATION\nplugin_generation: FIRST\nbuild_tools_version: \"26.0.2\"\ncompile_sdk: \"android-26\"\nsplits {\n}\n","variant":"id: 1\nis_debug: true\nminify_enabled: false\nuse_multidex: false\nuse_legacy_multidex: false\nvariant_type: APPLICATION\nmin_sdk_version {\n  api_level: 17\n}\ntarget_sdk_version {\n  api_level: 26\n}\ndex_builder: DX_DEXER\ndex_merger: DX_MERGER\n"},"ph":"X","ts":1523967802822000,"dur":3000},{"pid":1,"tid":3,"id":18,"name":"app task manager create aidl task","args":{"span_id":"18","project":"id: 1\nandroid_plugin_version: \"3.0.1\"\nandroid_plugin: APPLICATION\nplugin_generation: FIRST\nbuild_tools_version: \"26.0.2\"\ncompile_sdk: \"android-26\"\nsplits {\n}\n","variant":"id: 1\nis_debug: true\nminify_enabled: false\nuse_multidex: false\nuse_legacy_multidex: false\nvariant_type: APPLICATION\nmin_sdk_version {\n  api_level: 17\n}\ntarget_sdk_version {\n  api_level: 26\n}\ndex_builder: DX_DEXER\ndex_merger: DX_MERGER\n"},"ph":"X","ts":1523967802825000,"dur":100},{"pid":1,"tid":3,"id":19,"name":"app task manager create shader task","args":{"span_id":"19","project":"id: 1\nandroid_plugin_version: \"3.0.1\"\nandroid_plugin: APPLICATION\nplugin_generation: FIRST\nbuild_tools_version: \"26.0.2\"\ncompile_sdk: \"android-26\"\nsplits {\n}\n","variant":"id: 1\nis_debug: true\nminify_enabled: false\nuse_multidex: false\nuse_legacy_multidex: false\nvariant_type: APPLICATION\nmin_sdk_version {\n  api_level: 17\n}\ntarget_sdk_version {\n  api_level: 26\n}\ndex_builder: DX_DEXER\ndex_merger: DX_MERGER\n"},"ph":"X","ts":1523967802825000,"dur":1000},{"pid":1,"tid":3,"id":20,"name":"app task manager create ndk task","args":{"span_id":"20","project":"id: 1\nandroid_plugin_version: \"3.0.1\"\nandroid_plugin: APPLICATION\nplugin_generation: FIRST\nbuild_tools_version: \"26.0.2\"\ncompile_sdk: \"android-26\"\nsplits {\n}\n","variant":"id: 1\nis_debug: true\nminify_enabled: false\nuse_multidex: false\nuse_legacy_multidex: false\nvariant_type: APPLICATION\nmin_sdk_version {\n  api_level: 17\n}\ntarget_sdk_version {\n  api_level: 26\n}\ndex_builder: DX_DEXER\ndex_merger: DX_MERGER\n"},"ph":"X","ts":1523967802826000,"dur":100},{"pid":1,"tid":3,"id":21,"name":"app task manager create external native build task","args":{"span_id":"21","project":"id: 1\nandroid_plugin_version: \"3.0.1\"\nandroid_plugin: APPLICATION\nplugin_generation: FIRST\nbuild_tools_version: \"26.0.2\"\ncompile_sdk: \"android-26\"\nsplits {\n}\n","variant":"id: 1\nis_debug: true\nminify_enabled: false\nuse_multidex: false\nuse_legacy_multidex: false\nvariant_type: APPLICATION\nmin_sdk_version {\n  api_level: 17\n}\ntarget_sdk_version {\n  api_level: 26\n}\ndex_builder: DX_DEXER\ndex_merger: DX_MERGER\n"},"ph":"X","ts":1523967802826000,"dur":100},{"pid":1,"tid":3,"id":22,"name":"app task manager create merge jnilibs folders task","args":{"span_id":"22","project":"id: 1\nandroid_plugin_version: \"3.0.1\"\nandroid_plugin: APPLICATION\nplugin_generation: FIRST\nbuild_tools_version: \"26.0.2\"\ncompile_sdk: \"android-26\"\nsplits {\n}\n","variant":"id: 1\nis_debug: true\nminify_enabled: false\nuse_multidex: false\nuse_legacy_multidex: false\nvariant_type: APPLICATION\nmin_sdk_version {\n  api_level: 17\n}\ntarget_sdk_version {\n  api_level: 26\n}\ndex_builder: DX_DEXER\ndex_merger: DX_MERGER\n"},"ph":"X","ts":1523967802826000,"dur":1000},{"pid":1,"tid":3,"id":23,"name":"app task manager create compile task","args":{"span_id":"23","project":"id: 1\nandroid_plugin_version: \"3.0.1\"\nandroid_plugin: APPLICATION\nplugin_generation: FIRST\nbuild_tools_version: \"26.0.2\"\ncompile_sdk: \"android-26\"\nsplits {\n}\n","variant":"id: 1\nis_debug: true\nminify_enabled: false\nuse_multidex: false\nuse_legacy_multidex: false\nvariant_type: APPLICATION\nmin_sdk_version {\n  api_level: 17\n}\ntarget_sdk_version {\n  api_level: 26\n}\ndex_builder: DX_DEXER\ndex_merger: DX_MERGER\n"},"ph":"X","ts":1523967802827000,"dur":3000},{"pid":1,"tid":3,"id":24,"name":"app task manager create packaging task","args":{"span_id":"24","project":"id: 1\nandroid_plugin_version: \"3.0.1\"\nandroid_plugin: APPLICATION\nplugin_generation: FIRST\nbuild_tools_version: \"26.0.2\"\ncompile_sdk: \"android-26\"\nsplits {\n}\n","variant":"id: 1\nis_debug: true\nminify_enabled: false\nuse_multidex: false\nuse_legacy_multidex: false\nvariant_type: APPLICATION\nmin_sdk_version {\n  api_level: 17\n}\ntarget_sdk_version {\n  api_level: 26\n}\ndex_builder: DX_DEXER\ndex_merger: DX_MERGER\n"},"ph":"X","ts":1523967802830000,"dur":2000},{"pid":1,"tid":3,"id":25,"name":"app task manager create lint task","args":{"span_id":"25","project":"id: 1\nandroid_plugin_version: \"3.0.1\"\nandroid_plugin: APPLICATION\nplugin_generation: FIRST\nbuild_tools_version: \"26.0.2\"\ncompile_sdk: \"android-26\"\nsplits {\n}\n","variant":"id: 1\nis_debug: true\nminify_enabled: false\nuse_multidex: false\nuse_legacy_multidex: false\nvariant_type: APPLICATION\nmin_sdk_version {\n  api_level: 17\n}\ntarget_sdk_version {\n  api_level: 26\n}\ndex_builder: DX_DEXER\ndex_merger: DX_MERGER\n"},"ph":"X","ts":1523967802832000,"dur":100},{"pid":1,"tid":3,"id":10,"name":"variant manager create tasks for variant","args":{"span_id":"10","project":"id: 1\nandroid_plugin_version: \"3.0.1\"\nandroid_plugin: APPLICATION\nplugin_generation: FIRST\nbuild_tools_version: \"26.0.2\"\ncompile_sdk: \"android-26\"\nsplits {\n}\n","variant":"id: 1\nis_debug: true\nminify_enabled: false\nuse_multidex: false\nuse_legacy_multidex: false\nvariant_type: APPLICATION\nmin_sdk_version {\n  api_level: 17\n}\ntarget_sdk_version {\n  api_level: 26\n}\ndex_builder: DX_DEXER\ndex_merger: DX_MERGER\n"},"ph":"X","ts":1523967802811000,"dur":21000},{"pid":1,"tid":3,"id":26,"name":"variant manager create tasks for variant","args":{"span_id":"26","project":"id: 1\nandroid_plugin_version: \"3.0.1\"\nandroid_plugin: APPLICATION\nplugin_generation: FIRST\nbuild_tools_version: \"26.0.2\"\ncompile_sdk: \"android-26\"\nsplits {\n}\n"},"ph":"X","ts":1523967802832000,"dur":4000},{"pid":1,"tid":3,"id":28,"name":"app task manager create merge manifest task","args":{"span_id":"28","project":"id: 1\nandroid_plugin_version: \"3.0.1\"\nandroid_plugin: APPLICATION\nplugin_generation: FIRST\nbuild_tools_version: \"26.0.2\"\ncompile_sdk: \"android-26\"\nsplits {\n}\n","variant":"id: 2\nis_debug: false\nminify_enabled: false\nuse_multidex: false\nuse_legacy_multidex: false\nvariant_type: APPLICATION\nmin_sdk_version {\n  api_level: 17\n}\ntarget_sdk_version {\n  api_level: 26\n}\ndex_builder: DX_DEXER\ndex_merger: DX_MERGER\n"},"ph":"X","ts":1523967802837000,"dur":1000},{"pid":1,"tid":3,"id":29,"name":"app task manager create generate res values task","args":{"span_id":"29","project":"id: 1\nandroid_plugin_version: \"3.0.1\"\nandroid_plugin: APPLICATION\nplugin_generation: FIRST\nbuild_tools_version: \"26.0.2\"\ncompile_sdk: \"android-26\"\nsplits {\n}\n","variant":"id: 2\nis_debug: false\nminify_enabled: false\nuse_multidex: false\nuse_legacy_multidex: false\nvariant_type: APPLICATION\nmin_sdk_version {\n  api_level: 17\n}\ntarget_sdk_version {\n  api_level: 26\n}\ndex_builder: DX_DEXER\ndex_merger: DX_MERGER\n"},"ph":"X","ts":1523967802838000,"dur":1000},{"pid":1,"tid":3,"id":30,"name":"app task manager create create renderscript task","args":{"span_id":"30","project":"id: 1\nandroid_plugin_version: \"3.0.1\"\nandroid_plugin: APPLICATION\nplugin_generation: FIRST\nbuild_tools_version: \"26.0.2\"\ncompile_sdk: \"android-26\"\nsplits {\n}\n","variant":"id: 2\nis_debug: false\nminify_enabled: false\nuse_multidex: false\nuse_legacy_multidex: false\nvariant_type: APPLICATION\nmin_sdk_version {\n  api_level: 17\n}\ntarget_sdk_version {\n  api_level: 26\n}\ndex_builder: DX_DEXER\ndex_merger: DX_MERGER\n"},"ph":"X","ts":1523967802839000,"dur":100},{"pid":1,"tid":3,"id":31,"name":"app task manager create merge resources task","args":{"span_id":"31","project":"id: 1\nandroid_plugin_version: \"3.0.1\"\nandroid_plugin: APPLICATION\nplugin_generation: FIRST\nbuild_tools_version: \"26.0.2\"\ncompile_sdk: \"android-26\"\nsplits {\n}\n","variant":"id: 2\nis_debug: false\nminify_enabled: false\nuse_multidex: false\nuse_legacy_multidex: false\nvariant_type: APPLICATION\nmin_sdk_version {\n  api_level: 17\n}\ntarget_sdk_version {\n  api_level: 26\n}\ndex_builder: DX_DEXER\ndex_merger: DX_MERGER\n"},"ph":"X","ts":1523967802839000,"dur":1000},{"pid":1,"tid":3,"id":32,"name":"app task manager create merge assets task","args":{"span_id":"32","project":"id: 1\nandroid_plugin_version: \"3.0.1\"\nandroid_plugin: APPLICATION\nplugin_generation: FIRST\nbuild_tools_version: \"26.0.2\"\ncompile_sdk: \"android-26\"\nsplits {\n}\n","variant":"id: 2\nis_debug: false\nminify_enabled: false\nuse_multidex: false\nuse_legacy_multidex: false\nvariant_type: APPLICATION\nmin_sdk_version {\n  api_level: 17\n}\ntarget_sdk_version {\n  api_level: 26\n}\ndex_builder: DX_DEXER\ndex_merger: DX_MERGER\n"},"ph":"X","ts":1523967802840000,"dur":1000},{"pid":1,"tid":3,"id":33,"name":"app task manager create build config task","args":{"span_id":"33","project":"id: 1\nandroid_plugin_version: \"3.0.1\"\nandroid_plugin: APPLICATION\nplugin_generation: FIRST\nbuild_tools_version: \"26.0.2\"\ncompile_sdk: \"android-26\"\nsplits {\n}\n","variant":"id: 2\nis_debug: false\nminify_enabled: false\nuse_multidex: false\nuse_legacy_multidex: false\nvariant_type: APPLICATION\nmin_sdk_version {\n  api_level: 17\n}\ntarget_sdk_version {\n  api_level: 26\n}\ndex_builder: DX_DEXER\ndex_merger: DX_MERGER\n"},"ph":"X","ts":1523967802841000,"dur":1000},{"pid":1,"tid":3,"id":34,"name":"app task manager create process res task","args":{"span_id":"34","project":"id: 1\nandroid_plugin_version: \"3.0.1\"\nandroid_plugin: APPLICATION\nplugin_generation: FIRST\nbuild_tools_version: \"26.0.2\"\ncompile_sdk: \"android-26\"\nsplits {\n}\n","variant":"id: 2\nis_debug: false\nminify_enabled: false\nuse_multidex: false\nuse_legacy_multidex: false\nvariant_type: APPLICATION\nmin_sdk_version {\n  api_level: 17\n}\ntarget_sdk_version {\n  api_level: 26\n}\ndex_builder: DX_DEXER\ndex_merger: DX_MERGER\n"},"ph":"X","ts":1523967802842000,"dur":2000},{"pid":1,"tid":3,"id":35,"name":"app task manager create aidl task","args":{"span_id":"35","project":"id: 1\nandroid_plugin_version: \"3.0.1\"\nandroid_plugin: APPLICATION\nplugin_generation: FIRST\nbuild_tools_version: \"26.0.2\"\ncompile_sdk: \"android-26\"\nsplits {\n}\n","variant":"id: 2\nis_debug: false\nminify_enabled: false\nuse_multidex: false\nuse_legacy_multidex: false\nvariant_type: APPLICATION\nmin_sdk_version {\n  api_level: 17\n}\ntarget_sdk_version {\n  api_level: 26\n}\ndex_builder: DX_DEXER\ndex_merger: DX_MERGER\n"},"ph":"X","ts":1523967802844000,"dur":1000},{"pid":1,"tid":3,"id":36,"name":"app task manager create shader task","args":{"span_id":"36","project":"id: 1\nandroid_plugin_version: \"3.0.1\"\nandroid_plugin: APPLICATION\nplugin_generation: FIRST\nbuild_tools_version: \"26.0.2\"\ncompile_sdk: \"android-26\"\nsplits {\n}\n","variant":"id: 2\nis_debug: false\nminify_enabled: false\nuse_multidex: false\nuse_legacy_multidex: false\nvariant_type: APPLICATION\nmin_sdk_version {\n  api_level: 17\n}\ntarget_sdk_version {\n  api_level: 26\n}\ndex_builder: DX_DEXER\ndex_merger: DX_MERGER\n"},"ph":"X","ts":1523967802845000,"dur":2000},{"pid":1,"tid":3,"id":37,"name":"app task manager create ndk task","args":{"span_id":"37","project":"id: 1\nandroid_plugin_version: \"3.0.1\"\nandroid_plugin: APPLICATION\nplugin_generation: FIRST\nbuild_tools_version: \"26.0.2\"\ncompile_sdk: \"android-26\"\nsplits {\n}\n","variant":"id: 2\nis_debug: false\nminify_enabled: false\nuse_multidex: false\nuse_legacy_multidex: false\nvariant_type: APPLICATION\nmin_sdk_version {\n  api_level: 17\n}\ntarget_sdk_version {\n  api_level: 26\n}\ndex_builder: DX_DEXER\ndex_merger: DX_MERGER\n"},"ph":"X","ts":1523967802847000,"dur":1000},{"pid":1,"tid":3,"id":38,"name":"app task manager create external native build task","args":{"span_id":"38","project":"id: 1\nandroid_plugin_version: \"3.0.1\"\nandroid_plugin: APPLICATION\nplugin_generation: FIRST\nbuild_tools_version: \"26.0.2\"\ncompile_sdk: \"android-26\"\nsplits {\n}\n","variant":"id: 2\nis_debug: false\nminify_enabled: false\nuse_multidex: false\nuse_legacy_multidex: false\nvariant_type: APPLICATION\nmin_sdk_version {\n  api_level: 17\n}\ntarget_sdk_version {\n  api_level: 26\n}\ndex_builder: DX_DEXER\ndex_merger: DX_MERGER\n"},"ph":"X","ts":1523967802848000,"dur":100},{"pid":1,"tid":3,"id":39,"name":"app task manager create merge jnilibs folders task","args":{"span_id":"39","project":"id: 1\nandroid_plugin_version: \"3.0.1\"\nandroid_plugin: APPLICATION\nplugin_generation: FIRST\nbuild_tools_version: \"26.0.2\"\ncompile_sdk: \"android-26\"\nsplits {\n}\n","variant":"id: 2\nis_debug: false\nminify_enabled: false\nuse_multidex: false\nuse_legacy_multidex: false\nvariant_type: APPLICATION\nmin_sdk_version {\n  api_level: 17\n}\ntarget_sdk_version {\n  api_level: 26\n}\ndex_builder: DX_DEXER\ndex_merger: DX_MERGER\n"},"ph":"X","ts":1523967802848000,"dur":1000},{"pid":1,"tid":3,"id":40,"name":"app task manager create compile task","args":{"span_id":"40","project":"id: 1\nandroid_plugin_version: \"3.0.1\"\nandroid_plugin: APPLICATION\nplugin_generation: FIRST\nbuild_tools_version: \"26.0.2\"\ncompile_sdk: \"android-26\"\nsplits {\n}\n","variant":"id: 2\nis_debug: false\nminify_enabled: false\nuse_multidex: false\nuse_legacy_multidex: false\nvariant_type: APPLICATION\nmin_sdk_version {\n  api_level: 17\n}\ntarget_sdk_version {\n  api_level: 26\n}\ndex_builder: DX_DEXER\ndex_merger: DX_MERGER\n"},"ph":"X","ts":1523967802849000,"dur":1000},{"pid":1,"tid":3,"id":41,"name":"app task manager create packaging task","args":{"span_id":"41","project":"id: 1\nandroid_plugin_version: \"3.0.1\"\nandroid_plugin: APPLICATION\nplugin_generation: FIRST\nbuild_tools_version: \"26.0.2\"\ncompile_sdk: \"android-26\"\nsplits {\n}\n","variant":"id: 2\nis_debug: false\nminify_enabled: false\nuse_multidex: false\nuse_legacy_multidex: false\nvariant_type: APPLICATION\nmin_sdk_version {\n  api_level: 17\n}\ntarget_sdk_version {\n  api_level: 26\n}\ndex_builder: DX_DEXER\ndex_merger: DX_MERGER\n"},"ph":"X","ts":1523967802850000,"dur":1000},{"pid":1,"tid":3,"id":42,"name":"app task manager create lint task","args":{"span_id":"42","project":"id: 1\nandroid_plugin_version: \"3.0.1\"\nandroid_plugin: APPLICATION\nplugin_generation: FIRST\nbuild_tools_version: \"26.0.2\"\ncompile_sdk: \"android-26\"\nsplits {\n}\n","variant":"id: 2\nis_debug: false\nminify_enabled: false\nuse_multidex: false\nuse_legacy_multidex: false\nvariant_type: APPLICATION\nmin_sdk_version {\n  api_level: 17\n}\ntarget_sdk_version {\n  api_level: 26\n}\ndex_builder: DX_DEXER\ndex_merger: DX_MERGER\n"},"ph":"X","ts":1523967802851000,"dur":100},{"pid":1,"tid":3,"id":27,"name":"variant manager create tasks for variant","args":{"span_id":"27","project":"id: 1\nandroid_plugin_version: \"3.0.1\"\nandroid_plugin: APPLICATION\nplugin_generation: FIRST\nbuild_tools_version: \"26.0.2\"\ncompile_sdk: \"android-26\"\nsplits {\n}\n","variant":"id: 2\nis_debug: false\nminify_enabled: false\nuse_multidex: false\nuse_legacy_multidex: false\nvariant_type: APPLICATION\nmin_sdk_version {\n  api_level: 17\n}\ntarget_sdk_version {\n  api_level: 26\n}\ndex_builder: DX_DEXER\ndex_merger: DX_MERGER\n"},"ph":"X","ts":1523967802836000,"dur":15000},{"pid":1,"tid":3,"id":43,"name":"variant manager create tasks for variant","args":{"span_id":"43","project":"id: 1\nandroid_plugin_version: \"3.0.1\"\nandroid_plugin: APPLICATION\nplugin_generation: FIRST\nbuild_tools_version: \"26.0.2\"\ncompile_sdk: \"android-26\"\nsplits {\n}\n"},"ph":"X","ts":1523967802851000,"dur":3000},{"pid":1,"tid":3,"id":44,"name":"variant manager create tasks for variant","args":{"span_id":"44","project":"id: 1\nandroid_plugin_version: \"3.0.1\"\nandroid_plugin: APPLICATION\nplugin_generation: FIRST\nbuild_tools_version: \"26.0.2\"\ncompile_sdk: \"android-26\"\nsplits {\n}\n"},"ph":"X","ts":1523967802854000,"dur":11000},{"pid":1,"tid":3,"id":7,"name":"variant manager create android tasks","args":{"span_id":"7","project":"id: 1\nandroid_plugin_version: \"3.0.1\"\nandroid_plugin: APPLICATION\nplugin_generation: FIRST\nbuild_tools_version: \"26.0.2\"\ncompile_sdk: \"android-26\"\nsplits {\n}\n"},"ph":"X","ts":1523967802803000,"dur":63000},{"pid":1,"tid":3,"id":45,"name":"variant manager external native config values","args":{"span_id":"45","project":"id: 1\nandroid_plugin_version: \"3.0.1\"\nandroid_plugin: APPLICATION\nplugin_generation: FIRST\nbuild_tools_version: \"26.0.2\"\ncompile_sdk: \"android-26\"\nsplits {\n}\n"},"ph":"X","ts":1523967802866000,"dur":100},{"pid":1,"tid":3,"id":6,"name":"base plugin create android tasks","args":{"span_id":"6","project":"id: 1\nandroid_plugin_version: \"3.0.1\"\nandroid_plugin: APPLICATION\nplugin_generation: FIRST\nbuild_tools_version: \"26.0.2\"\ncompile_sdk: \"android-26\"\nsplits {\n}\n"},"ph":"X","ts":1523967802784000,"dur":82000},{"pid":1,"tid":0,"id":46,"name":"task: delete","args":{"span_id":"46","task":"type: 104\ndid_work: true\nskipped: false\nup_to_date: false\nfailed: false\n"},"ph":"X","ts":1523967802883000,"dur":1000},{"pid":1,"tid":0,"id":47,"name":"task: delete","args":{"span_id":"47","project":"id: 1\nandroid_plugin_version: \"3.0.1\"\nandroid_plugin: APPLICATION\nplugin_generation: FIRST\nbuild_tools_version: \"26.0.2\"\ncompile_sdk: \"android-26\"\nsplits {\n}\n","task":"type: 104\ndid_work: true\nskipped: false\nup_to_date: false\nfailed: false\n"},"ph":"X","ts":1523967802885000,"dur":216000},{"pid":1,"tid":0,"id":48,"name":"task: unknown task type","args":{"span_id":"48","project":"id: 1\nandroid_plugin_version: \"3.0.1\"\nandroid_plugin: APPLICATION\nplugin_generation: FIRST\nbuild_tools_version: \"26.0.2\"\ncompile_sdk: \"android-26\"\nsplits {\n}\n","task":"type: 0\ndid_work: false\nskipped: true\nup_to_date: true\nfailed: false\n"},"ph":"X","ts":1523967803102000,"dur":100},{"pid":1,"tid":0,"id":49,"name":"task: app pre build","args":{"span_id":"49","project":"id: 1\nandroid_plugin_version: \"3.0.1\"\nandroid_plugin: APPLICATION\nplugin_generation: FIRST\nbuild_tools_version: \"26.0.2\"\ncompile_sdk: \"android-26\"\nsplits {\n}\n","variant":"id: 1\nis_debug: true\nminify_enabled: false\nuse_multidex: false\nuse_legacy_multidex: false\nvariant_type: APPLICATION\nmin_sdk_version {\n  api_level: 17\n}\ntarget_sdk_version {\n  api_level: 26\n}\ndex_builder: DX_DEXER\ndex_merger: DX_MERGER\n","task":"type: 92\ndid_work: true\nskipped: false\nup_to_date: false\nfailed: false\n"},"ph":"X","ts":1523967803103000,"dur":69000},{"pid":1,"tid":0,"id":50,"name":"task: aidl compile","args":{"span_id":"50","project":"id: 1\nandroid_plugin_version: \"3.0.1\"\nandroid_plugin: APPLICATION\nplugin_generation: FIRST\nbuild_tools_version: \"26.0.2\"\ncompile_sdk: \"android-26\"\nsplits {\n}\n","variant":"id: 1\nis_debug: true\nminify_enabled: false\nuse_multidex: false\nuse_legacy_multidex: false\nvariant_type: APPLICATION\nmin_sdk_version {\n  api_level: 17\n}\ntarget_sdk_version {\n  api_level: 26\n}\ndex_builder: DX_DEXER\ndex_merger: DX_MERGER\n","task":"type: 1\ndid_work: true\nskipped: false\nup_to_date: false\nfailed: false\n"},"ph":"X","ts":1523967803173000,"dur":25000},{"pid":1,"tid":0,"id":51,"name":"task: renderscript compile","args":{"span_id":"51","project":"id: 1\nandroid_plugin_version: \"3.0.1\"\nandroid_plugin: APPLICATION\nplugin_generation: FIRST\nbuild_tools_version: \"26.0.2\"\ncompile_sdk: \"android-26\"\nsplits {\n}\n","variant":"id: 1\nis_debug: true\nminify_enabled: false\nuse_multidex: false\nuse_legacy_multidex: false\nvariant_type: APPLICATION\nmin_sdk_version {\n  api_level: 17\n}\ntarget_sdk_version {\n  api_level: 26\n}\ndex_builder: DX_DEXER\ndex_merger: DX_MERGER\n","task":"type: 54\ndid_work: true\nskipped: false\nup_to_date: false\nfailed: false\n"},"ph":"X","ts":1523967803202000,"dur":10000},{"pid":1,"tid":0,"id":52,"name":"task: check manifest","args":{"span_id":"52","project":"id: 1\nandroid_plugin_version: \"3.0.1\"\nandroid_plugin: APPLICATION\nplugin_generation: FIRST\nbuild_tools_version: \"26.0.2\"\ncompile_sdk: \"android-26\"\nsplits {\n}\n","variant":"id: 1\nis_debug: true\nminify_enabled: false\nuse_multidex: false\nuse_legacy_multidex: false\nvariant_type: APPLICATION\nmin_sdk_version {\n  api_level: 17\n}\ntarget_sdk_version {\n  api_level: 26\n}\ndex_builder: DX_DEXER\ndex_merger: DX_MERGER\n","task":"type: 8\ndid_work: true\nskipped: false\nup_to_date: false\nfailed: false\n"},"ph":"X","ts":1523967803213000,"dur":3000},{"pid":1,"tid":0,"id":53,"name":"task: generate build config","args":{"span_id":"53","project":"id: 1\nandroid_plugin_version: \"3.0.1\"\nandroid_plugin: APPLICATION\nplugin_generation: FIRST\nbuild_tools_version: \"26.0.2\"\ncompile_sdk: \"android-26\"\nsplits {\n}\n","variant":"id: 1\nis_debug: true\nminify_enabled: false\nuse_multidex: false\nuse_legacy_multidex: false\nvariant_type: APPLICATION\nmin_sdk_version {\n  api_level: 17\n}\ntarget_sdk_version {\n  api_level: 26\n}\ndex_builder: DX_DEXER\ndex_merger: DX_MERGER\n","task":"type: 24\ndid_work: true\nskipped: false\nup_to_date: false\nfailed: false\n"},"ph":"X","ts":1523967803217000,"dur":7000},{"pid":1,"tid":0,"id":54,"name":"task: prepare lint jar","args":{"span_id":"54","project":"id: 1\nandroid_plugin_version: \"3.0.1\"\nandroid_plugin: APPLICATION\nplugin_generation: FIRST\nbuild_tools_version: \"26.0.2\"\ncompile_sdk: \"android-26\"\nsplits {\n}\n","task":"type: 119\ndid_work: false\nskipped: true\nup_to_date: true\nfailed: false\n"},"ph":"X","ts":1523967803225000,"dur":1000},{"pid":1,"tid":0,"id":55,"name":"task: generate res values","args":{"span_id":"55","project":"id: 1\nandroid_plugin_version: \"3.0.1\"\nandroid_plugin: APPLICATION\nplugin_generation: FIRST\nbuild_tools_version: \"26.0.2\"\ncompile_sdk: \"android-26\"\nsplits {\n}\n","variant":"id: 1\nis_debug: true\nminify_enabled: false\nuse_multidex: false\nuse_legacy_multidex: false\nvariant_type: APPLICATION\nmin_sdk_version {\n  api_level: 17\n}\ntarget_sdk_version {\n  api_level: 26\n}\ndex_builder: DX_DEXER\ndex_merger: DX_MERGER\n","task":"type: 26\ndid_work: true\nskipped: false\nup_to_date: false\nfailed: false\n"},"ph":"X","ts":1523967803227000,"dur":3000},{"pid":1,"tid":0,"id":56,"name":"task: unknown task type","args":{"span_id":"56","project":"id: 1\nandroid_plugin_version: \"3.0.1\"\nandroid_plugin: APPLICATION\nplugin_generation: FIRST\nbuild_tools_version: \"26.0.2\"\ncompile_sdk: \"android-26\"\nsplits {\n}\n","task":"type: 0\ndid_work: false\nskipped: false\nup_to_date: false\nfailed: false\n"},"ph":"X","ts":1523967803231000,"dur":100},{"pid":1,"tid":0,"id":57,"name":"task: merge resources","args":{"span_id":"57","project":"id: 1\nandroid_plugin_version: \"3.0.1\"\nandroid_plugin: APPLICATION\nplugin_generation: FIRST\nbuild_tools_version: \"26.0.2\"\ncompile_sdk: \"android-26\"\nsplits {\n}\n","variant":"id: 1\nis_debug: true\nminify_enabled: false\nuse_multidex: false\nuse_legacy_multidex: false\nvariant_type: APPLICATION\nmin_sdk_version {\n  api_level: 17\n}\ntarget_sdk_version {\n  api_level: 26\n}\ndex_builder: DX_DEXER\ndex_merger: DX_MERGER\n","task":"type: 40\ndid_work: true\nskipped: false\nup_to_date: false\nfailed: false\n"},"ph":"X","ts":1523967803233000,"dur":1045000},{"pid":1,"tid":0,"id":58,"name":"task: compatible screens manifest","args":{"span_id":"58","project":"id: 1\nandroid_plugin_version: \"3.0.1\"\nandroid_plugin: APPLICATION\nplugin_generation: FIRST\nbuild_tools_version: \"26.0.2\"\ncompile_sdk: \"android-26\"\nsplits {\n}\n","variant":"id: 1\nis_debug: true\nminify_enabled: false\nuse_multidex: false\nuse_legacy_multidex: false\nvariant_type: APPLICATION\nmin_sdk_version {\n  api_level: 17\n}\ntarget_sdk_version {\n  api_level: 26\n}\ndex_builder: DX_DEXER\ndex_merger: DX_MERGER\n","task":"type: 9\ndid_work: true\nskipped: false\nup_to_date: false\nfailed: false\n"},"ph":"X","ts":1523967804279000,"dur":13000},{"pid":1,"tid":0,"id":59,"name":"task: merge manifests","args":{"span_id":"59","project":"id: 1\nandroid_plugin_version: \"3.0.1\"\nandroid_plugin: APPLICATION\nplugin_generation: FIRST\nbuild_tools_version: \"26.0.2\"\ncompile_sdk: \"android-26\"\nsplits {\n}\n","variant":"id: 1\nis_debug: true\nminify_enabled: false\nuse_multidex: false\nuse_legacy_multidex: false\nvariant_type: APPLICATION\nmin_sdk_version {\n  api_level: 17\n}\ntarget_sdk_version {\n  api_level: 26\n}\ndex_builder: DX_DEXER\ndex_merger: DX_MERGER\n","task":"type: 39\ndid_work: true\nskipped: false\nup_to_date: false\nfailed: false\n"},"ph":"X","ts":1523967804294000,"dur":50000},{"pid":1,"tid":0,"id":60,"name":"task: splits discovery","args":{"span_id":"60","project":"id: 1\nandroid_plugin_version: \"3.0.1\"\nandroid_plugin: APPLICATION\nplugin_generation: FIRST\nbuild_tools_version: \"26.0.2\"\ncompile_sdk: \"android-26\"\nsplits {\n}\n","variant":"id: 1\nis_debug: true\nminify_enabled: false\nuse_multidex: false\nuse_legacy_multidex: false\nvariant_type: APPLICATION\nmin_sdk_version {\n  api_level: 17\n}\ntarget_sdk_version {\n  api_level: 26\n}\ndex_builder: DX_DEXER\ndex_merger: DX_MERGER\n","task":"type: 87\ndid_work: true\nskipped: false\nup_to_date: false\nfailed: false\n"},"ph":"X","ts":1523967804345000,"dur":3000},{"pid":1,"tid":0,"id":61,"name":"task: process android resources","args":{"span_id":"61","project":"id: 1\nandroid_plugin_version: \"3.0.1\"\nandroid_plugin: APPLICATION\nplugin_generation: FIRST\nbuild_tools_version: \"26.0.2\"\ncompile_sdk: \"android-26\"\nsplits {\n}\n","variant":"id: 1\nis_debug: true\nminify_enabled: false\nuse_multidex: false\nuse_legacy_multidex: false\nvariant_type: APPLICATION\nmin_sdk_version {\n  api_level: 17\n}\ntarget_sdk_version {\n  api_level: 26\n}\ndex_builder: DX_DEXER\ndex_merger: DX_MERGER\n","task":"type: 51\ndid_work: true\nskipped: false\nup_to_date: false\nfailed: false\n"},"ph":"X","ts":1523967804351000,"dur":654000},{"pid":1,"tid":0,"id":62,"name":"task: unknown task type","args":{"span_id":"62","project":"id: 1\nandroid_plugin_version: \"3.0.1\"\nandroid_plugin: APPLICATION\nplugin_generation: FIRST\nbuild_tools_version: \"26.0.2\"\ncompile_sdk: \"android-26\"\nsplits {\n}\n","task":"type: 0\ndid_work: false\nskipped: false\nup_to_date: false\nfailed: false\n"},"ph":"X","ts":1523967805005000,"dur":1000},{"pid":1,"tid":0,"id":63,"name":"task: test pre build","args":{"span_id":"63","project":"id: 1\nandroid_plugin_version: \"3.0.1\"\nandroid_plugin: APPLICATION\nplugin_generation: FIRST\nbuild_tools_version: \"26.0.2\"\ncompile_sdk: \"android-26\"\nsplits {\n}\n","task":"type: 93\ndid_work: true\nskipped: false\nup_to_date: false\nfailed: false\n"},"ph":"X","ts":1523967805006000,"dur":63000},{"pid":1,"tid":0,"id":64,"name":"task: aidl compile","args":{"span_id":"64","project":"id: 1\nandroid_plugin_version: \"3.0.1\"\nandroid_plugin: APPLICATION\nplugin_generation: FIRST\nbuild_tools_version: \"26.0.2\"\ncompile_sdk: \"android-26\"\nsplits {\n}\n","task":"type: 1\ndid_work: true\nskipped: false\nup_to_date: false\nfailed: false\n"},"ph":"X","ts":1523967805070000,"dur":27000},{"pid":1,"tid":0,"id":65,"name":"task: process test manifest","args":{"span_id":"65","project":"id: 1\nandroid_plugin_version: \"3.0.1\"\nandroid_plugin: APPLICATION\nplugin_generation: FIRST\nbuild_tools_version: \"26.0.2\"\ncompile_sdk: \"android-26\"\nsplits {\n}\n","task":"type: 53\ndid_work: true\nskipped: false\nup_to_date: false\nfailed: false\n"},"ph":"X","ts":1523967805101000,"dur":48000},{"pid":1,"tid":0,"id":66,"name":"task: renderscript compile","args":{"span_id":"66","project":"id: 1\nandroid_plugin_version: \"3.0.1\"\nandroid_plugin: APPLICATION\nplugin_generation: FIRST\nbuild_tools_version: \"26.0.2\"\ncompile_sdk: \"android-26\"\nsplits {\n}\n","task":"type: 54\ndid_work: true\nskipped: false\nup_to_date: false\nfailed: false\n"},"ph":"X","ts":1523967805151000,"dur":14000},{"pid":1,"tid":0,"id":67,"name":"task: generate build config","args":{"span_id":"67","project":"id: 1\nandroid_plugin_version: \"3.0.1\"\nandroid_plugin: APPLICATION\nplugin_generation: FIRST\nbuild_tools_version: \"26.0.2\"\ncompile_sdk: \"android-26\"\nsplits {\n}\n","task":"type: 24\ndid_work: true\nskipped: false\nup_to_date: false\nfailed: false\n"},"ph":"X","ts":1523967805166000,"dur":4000},{"pid":1,"tid":0,"id":68,"name":"task: generate res values","args":{"span_id":"68","project":"id: 1\nandroid_plugin_version: \"3.0.1\"\nandroid_plugin: APPLICATION\nplugin_generation: FIRST\nbuild_tools_version: \"26.0.2\"\ncompile_sdk: \"android-26\"\nsplits {\n}\n","task":"type: 26\ndid_work: true\nskipped: false\nup_to_date: false\nfailed: false\n"},"ph":"X","ts":1523967805171000,"dur":1000},{"pid":1,"tid":0,"id":69,"name":"task: unknown task type","args":{"span_id":"69","project":"id: 1\nandroid_plugin_version: \"3.0.1\"\nandroid_plugin: APPLICATION\nplugin_generation: FIRST\nbuild_tools_version: \"26.0.2\"\ncompile_sdk: \"android-26\"\nsplits {\n}\n","task":"type: 0\ndid_work: false\nskipped: false\nup_to_date: false\nfailed: false\n"},"ph":"X","ts":1523967805173000,"dur":100},{"pid":1,"tid":0,"id":70,"name":"task: merge resources","args":{"span_id":"70","project":"id: 1\nandroid_plugin_version: \"3.0.1\"\nandroid_plugin: APPLICATION\nplugin_generation: FIRST\nbuild_tools_version: \"26.0.2\"\ncompile_sdk: \"android-26\"\nsplits {\n}\n","task":"type: 40\ndid_work: true\nskipped: false\nup_to_date: false\nfailed: false\n"},"ph":"X","ts":1523967805174000,"dur":812000},{"pid":1,"tid":0,"id":71,"name":"task: splits discovery","args":{"span_id":"71","project":"id: 1\nandroid_plugin_version: \"3.0.1\"\nandroid_plugin: APPLICATION\nplugin_generation: FIRST\nbuild_tools_version: \"26.0.2\"\ncompile_sdk: \"android-26\"\nsplits {\n}\n","task":"type: 87\ndid_work: true\nskipped: false\nup_to_date: false\nfailed: false\n"},"ph":"X","ts":1523967805987000,"dur":5000},{"pid":1,"tid":0,"id":72,"name":"task: process android resources","args":{"span_id":"72","project":"id: 1\nandroid_plugin_version: \"3.0.1\"\nandroid_plugin: APPLICATION\nplugin_generation: FIRST\nbuild_tools_version: \"26.0.2\"\ncompile_sdk: \"android-26\"\nsplits {\n}\n","task":"type: 51\ndid_work: true\nskipped: false\nup_to_date: false\nfailed: false\n"},"ph":"X","ts":1523967805995000,"dur":461000},{"pid":1,"tid":0,"id":73,"name":"task: unknown task type","args":{"span_id":"73","project":"id: 1\nandroid_plugin_version: \"3.0.1\"\nandroid_plugin: APPLICATION\nplugin_generation: FIRST\nbuild_tools_version: \"26.0.2\"\ncompile_sdk: \"android-26\"\nsplits {\n}\n","task":"type: 0\ndid_work: false\nskipped: false\nup_to_date: false\nfailed: false\n"},"ph":"X","ts":1523967806460000,"dur":1000},{"pid":1,"tid":0,"id":74,"name":"task: mockable android jar","args":{"span_id":"74","project":"id: 1\nandroid_plugin_version: \"3.0.1\"\nandroid_plugin: APPLICATION\nplugin_generation: FIRST\nbuild_tools_version: \"26.0.2\"\ncompile_sdk: \"android-26\"\nsplits {\n}\n","task":"type: 42\ndid_work: true\nskipped: false\nup_to_date: false\nfailed: false\n"},"ph":"X","ts":1523967806462000,"dur":9000},{"pid":1,"tid":3,"id":75,"name":"base plugin build finished","args":{"span_id":"75","project":"id: 1\nandroid_plugin_version: \"3.0.1\"\nandroid_plugin: APPLICATION\nplugin_generation: FIRST\nbuild_tools_version: \"26.0.2\"\ncompile_sdk: \"android-26\"\nsplits {\n}\n"},"ph":"X","ts":1523967806472000,"dur":100}]